0,1,2,3
쌀밥/잡곡밥,육개장,자반고등어구이,두부조림
콩나물밥*양념장,어묵국,유산슬,아삭고추무침
쌀밥/잡곡밥,청국장찌개,황태양념구이,고기전
미니김밥*겨자장,우동,멕시칸샐러드,군고구마
쌀밥/잡곡밥,차돌박이찌개,닭갈비,감자소세지볶음
참치회덮밥,맑은국,군만두,과일샐러드
쌀밥/잡곡밥,김치콩나물국,미니함박,어묵볶음
쌀밥/잡곡밥,홍합미역국,등갈비김치찜,임연수구이
쌀밥/잡곡밥,된장찌개,쇠불고기,해파리겨자채
볶음밥*자장소스,맑은국,새우또띠아,쨔샤이무침
쌀밥/잡곡밥,순두부찌개,명태조림,감자채볶음
쌀밥/잡곡밥,설렁탕,김치전,야채스틱
쌀밥/잡곡밥,옹심이만두국,떡갈비조림,청포묵무침
쌀밥/잡곡밥,콩비지찌개,해물까스&타르타르소스,볶음쌀국수
쌀밥/잡곡밥,열무된장국,매운돼지갈비찜,멸치호두볶음
김밥,잔치국수,교자만두,찜)
쌀밥/잡곡밥,닭개장,삼치구이,꽃맛살볶음
쌀밥/잡곡밥,버섯들깨탕,꽁치한마리구이,두부양념조림
쌀밥/잡곡밥,된장찌개,버섯불고기,콩나물겨자채
멸치주먹밥,우동,떡볶이,군고구마
쌀밥/잡곡밥,오징어국,미트볼조림,옥수수전
쌀밥/잡곡밥,대구찌개,돈육굴소스볶음,감자채볶음
카레덮밥,가쯔오장국,수제고로케*케찹,과일샐러드
쌀밥/잡곡밥,육개장,생선까스*탈탈소스,야채계란찜
볶음밥,짬뽕,개성감자만두,타코야끼
쌀밥/잡곡밥,연두부탕,코다리무조림,고추잡채*꽃빵
쌀밥/잡곡밥,달래된장찌개,간장찜닭,통도라지구이
짜장잡채덮밥,계란파국,참치야채전,꽃맛살샐러드
쌀밥/잡곡밥,뼈해장국,해물청경채볶음,버섯메밀전
토마토스파게티,양송이스프,미니햄버거,단호박범벅
쌀밥/잡곡밥,닭곰탕,임연수찜,어묵곤약볶음
쌀밥/잡곡밥,수제비국,아귀콩나물찜,새송이버섯볶음
굴소스파인볶음밥,가쯔오장국,찹쌀순대볶음,궁중떡찜
쌀밥/잡곡밥,알탕,동그랑땡전,마파두부
참치회덮밥,미소장국,군만두,콘샐러드
쌀밥/잡곡밥,냉이된장찌개,누룽지탕수육,감자채볶음
쌀밥/잡곡밥,콩비지찌개,유산슬,해물까스*탈탈소스
햄볶음밥,유부장국,돈육씨앗강정,해초무침
쌀밥/잡곡밥,어묵국,등갈비김치찜,청포묵무침
주먹밥,잔치국수,또띠아피자,과일샐러드
쌀밥/잡곡밥,쇠고기미역국,순살깐풍기,계란찜
쌀밥/잡곡밥,된장찌개,고등어조림,고기전
김치볶음밥,가쯔오장국,감자치즈구이,꽃맛살샐러드
쌀밥/잡곡밥,매운버섯국,찜닭,탕평채
김밥,우동,야채튀김,조각사과
쌀밥/잡곡밥,오징어국,미니함박,멸치호두볶음
쌀밥/잡곡밥,쇠고기무국,가자미찜,계란야채말이
치킨마요덮밥,유부주머니국,떡볶이,단무지무침
비빔밥,팽이버섯장국,새우또띠아,견과류조림
쌀밥/잡곡밥,들깨미역국,수제돈가스,감자범벅
쌀밥/잡곡밥,꽃게탕,유산슬,야채계란찜
낙지비빔밥,유부장국,새싹피자,과일샐러드
쌀밥/잡곡밥,어묵국,닭볶음탕,새송이버섯전
오므라이스,팽이버섯국,해물까스*탈탈소스,쫄면무침
쌀밥/잡곡밥,순두부찌개,탕수어,꽃맛살볶음
쌀밥/잡곡밥,알탕,순살깐풍기,모둠묵*양념장
짜장덮밥,맑은국,쇠고기퀘사디아,오이무침
쌀밥/잡곡밥,청국장찌개,코다리무조림,비엔나케찹볶음
참치주먹밥,비빔메밀국수,가쯔오장국,탕수만두
쌀밥/잡곡밥,들깨버섯탕,고추잡채*꽃빵,두부계란구이
쌀밥/잡곡밥,북어국,고추장불고기,모듬양채쌈
쌀밥/잡곡밥,부대찌개*라면사리,탕수육,삼치구이
카레덮밥,미소장국,수제미니햄버거,오이소박이
쌀밥/잡곡밥,닭개장,가자미튀김,모둠소시지구이
김치볶음밥/계란,가쯔오국,찹쌀순대볶음,감자만두
쌀밥/잡곡밥,콩비지찌개,해물누룽지탕,치즈계란말이
돈까스김밥,잔치국수,멕시칸샐러드,마늘쫑무침
쌀밥/잡곡밥,쇠고기무국,코다리강정,잡채
쌀밥/잡곡밥,닭곰탕,주꾸미볶음,두부계란부침
유부초밥,우동,떡볶이,군만두
쌀밥/잡곡밥,뼈해장국,황태양념구이,메추리알조림
새우살볶음밥,팽이장국,사천식탕수육,콩나물무침
쌀밥/잡곡밥,육개장,꽁치허브구이,비엔나케찹볶음
쌀밥/잡곡밥,수제비국,데리야끼파닭,새송이버섯볶음
참치회덮밥,맑은국,고구마치즈구이,락교
쌀밥/잡곡밥,된장찌개,등갈비김치찜,해물까스*탈탈소스
짜장잡채밥,계란파국,춘권*칠리소스,과일샐러드
쌀밥/잡곡밥,꽃게탕,돈육청경채볶음,계란말이
쌀밥/잡곡밥,해물순두부찌개,미니함박조림,도토리묵무침
참치주먹밥,쌀국수,수제고로케*케찹,꽃맛살샐러드
쌀밥/잡곡밥,어묵국,고추장불고기,감자채햄볶음
날치알볶음밥,유부장국,고추잡채*꽃빵,땅콩조림
쌀밥/잡곡밥,시래기국,수제돈까스,단호박범벅/오이피클
콩나물밥*양념장,가쯔오장국,미트볼케찹조림,계란찜
쌀밥/잡곡밥,육개장,자반고등어구이,우엉잡채
충무김밥,열무물국수,오징어무침,야채튀김
쌀밥/잡곡밥,어묵국,버섯불고기,두부조림
쌀밥/잡곡밥,들깨버섯탕,삼치데리야끼구이,햄맛살볶음
오므라이스,미소장국,훈제오리냉채,군만두
쌀밥/잡곡밥,닭개장,해물청경채볶음,계란말이
유부초밥,냉모밀국수,치킨핑거*요거트D,떡볶이
쌀밥/잡곡밥,소고기미역국,유산슬,해물가스*탈탈소스
쌀밥/잡곡밥,호박잎찌개,쇠불고기,두부계란부침
김밥/맑은국,비빔국수,콘샐러드,찐햇감자
쌀밥/잡곡밥,닭곰탕,찹쌀순대볶음,연근땅콩조림
작은밥/맑은국,토마토스파게티,양송이스프,쇠고기퀘사디아
쌀밥/잡곡밥,순두부찌개,해물누룽지탕,버섯메밀전
쌀밥/잡곡밥,김치찌개,모둠장조림,주꾸미초무침
볶음밥/짜장소스,계란국,탕수만두,멕시칸샐러드
쌀밥/잡곡밥,청국장찌개,아귀콩나물찜,비엔나컬리플라워볶음
주먹밥,김치말이국수,감자버터구이,견과류조림
쌀밥/잡곡밥,차돌박이된장찌개,깐풍기,옥수수전
쌀밥/잡곡밥,열무된장국,닭볶음탕,궁중떡찜
굴소스파인볶음밥,맑은국,탕수어,쫄면무침
쌀밥/잡곡밥,시금치국,오징어볶음,새우까스*탈탈소스
쌀밥/잡곡밥,함박스테이크,단호박스프,옥수수감자범벅
쌀밥/잡곡밥,알탕,고추잡채*꽃빵,동그랑땡전
쌀밥/잡곡밥,부대찌개,가자미튀김,고기전
볶음밥,쌀국수,수제핫도그,홍시드레싱샐러드
쌀밥/잡곡밥,쇠고기샤브국,황태양념구이,베이컨계란말이
멸치주먹밥,물냉면,과일샐러드,무초절임
쌀밥/잡곡밥,오징어국,쇠고기장조림,어묵볶음
쌀밥/잡곡밥,느타리버섯국,고등어카레구이,비엔나감자볶음
콩나물밥,맑은국,너비아니*부추생채,실곤약초무침
쌀밥/잡곡밥,동태찌개,치킨핑거,버섯메밀전
볶음밥*자장소스,계란파국,유산슬,크랜베리단호박샐러드
쌀밥/잡곡밥,돈육김치찌개,깐풍기,옥수수전
쌀밥/잡곡밥,콩가루배추국,돈까스,꽈리고추어묵조림
충무김밥,잔치국수,오징어무침,열대과일샐러드
쌀밥/잡곡밥,어묵국,닭볶음탕,모둠버섯볶음
카레라이스,맑은국,순대야채볶음,연두부*양념
쌀밥/잡곡밥,아욱국,등뼈묵은지찜,해물파전
쌀밥/잡곡밥,콩나물국,소불고기,날치알계란찜
쌀밥/잡곡밥,짬뽕수제비국,모둠장조림,가자미찜
주먹밥,냉모밀국수,소고기퀘사디아,단무지/락교
오므라이스,가쯔오장국,떡볶이,양장피잡채
쌀밥/잡곡밥,쇠고기무국,쭈꾸미볶음,두부구이*양념장
쌀밥/잡곡밥,북어국,찜닭,탕평채
작은밥,콩국수,멕시칸샐러드,찐감자/수박
쌀밥/잡곡밥,닭개장,해물청경채볶음,옥수수전
볶음밥,스파게티/크림스프,치킨텐더,마늘바게뜨/음료
쌀밥/잡곡밥,김치찌개,삼치된장구이,모듬소세지구이
김밥볶음밥,미소장국,과일샐러드,비빔야채만두
쌀밥/잡곡밥,콩비지찌개,돈육굴소스볶음,날치알계란찜
유부초밥,김치우동,왕새우튀김,단무지
쌀밥/잡곡밥,된장찌개,훈제오리/무쌈/양파절임,감자카레볶음
쌀밥/잡곡밥,무채국,돈육볶음,볼어묵조림
김치볶음밥,유부장국,허니버터옥수수,닭가슴살장조림
쌀밥/잡곡밥,감자국,등갈비김치찜,해파리냉채
콩국수,작은밥,춘권,단호박조림
쌀밥/잡곡밥,콩나물냉국,주꾸미볶음,메밀전병만두
쌀밥/잡곡밥,차돌박이찌개,닭갈비,새송이버섯전
굴소스해물볶음밥,맑은국,수제고로케*케찹,망고드레싱샐러드
쌀밥/잡곡밥,청국장찌개,깐풍육,황태양념구이
참치주먹밥,로제파스타/스프,고구마치즈구이,오이피클/절인고추
쌀밥/잡곡밥,알탕,돈육장조림,새싹두부구이
쌀밥/잡곡밥,어묵국,제육볶음,실곤약흑임자무침
볶음밥/짜장소스,유부장국,멕시칸샐러드,찹쌀도너츠
쌀밥/잡곡밥,얼갈이된장국,닭오븐구이,김치녹두전
김밥,잔치국수,새우까스*타르타르,꽃맛살샐러드
쌀밥/잡곡밥,쇠고기미역국,자반고등어구이,미트볼케찹조림
볶음밥,쌀국수,미니햄버거,요플레
쌀밥/잡곡밥,참치김치찌개,주꾸미볶음,모듬묵*양념장
쌀밥/잡곡밥,수제비국,탕평채,탕평채
콩나물밥,맑은국,장어강정,마늘쫑볶음
쌀밥/잡곡밥,고추장찌개,쇠고기모둠장조림,해물파전
유부초밥,꼬지어묵우동,모듬떡볶이,맛탕
쌀밥/잡곡밥,콩나물국,수제돈까스,통도라지구이
쌀밥/잡곡밥,무채맑은국,갈치조림,두부계란부침
쇠고기숙주규동덮밥,미소장국,탕수어,또띠아칩
쌀밥/잡곡밥,조갯살미역국,미니채소떡갈비,홍어채무침
충무김밥,잔치국수,오징어무침,군고구마
쌀밥/잡곡밥,근대된장국,돈육강정,계란찜
쌀밥/잡곡밥,콩비지찌개,닭볶음,해파리냉채
쌀밥/잡곡밥,순두부찌개,미니함박조림,실곤약초무침
작은밥,짬뽕,군만두,과일샐러드
쌀밥/잡곡밥,육개장,코다리엿장조림,옥수수전
쌀밥/잡곡밥,콩나물국,돈육굴소스볶음,삼치조림
김치볶음밥,미소장국,궁중떡볶음,옥수수맛탕
쌀밥/잡곡밥,황태국,닭오븐구이,비엔나감자볶음
통새우김밥,어묵우동,찹쌀순대볶음,단무지무침
쌀밥/잡곡밥,부대찌개,탕수어,두부새싹구이
쌀밥/잡곡밥,해물된장찌개,닭매운찜,고기전
나가사키면&김,참치주먹밥,개성감자만두,꽃맛살샐러드
쌀밥/잡곡밥,어묵국,돼지갈비찜,오징어&브로컬리숙회
옛날왕돈까스,옥수수스프,샐러드파스타,감자치즈오븐구이
쌀밥/잡곡밥,닭개장,해물청경채볶음,두부양념조림
쌀밥/잡곡밥,북어계란국,닭강정,해파리냉채
오므라이스,가쯔오장국,훈제오리냉채,메추리알조림
쌀밥/잡곡밥,쇠고기샤브국,가자미찜,진미채무침
쌀밥/잡곡밥,바지락수제비,유산슬,멕시칸샐러드
쌀밥/잡곡밥,오징어국,떡갈비조림,마파두부
쌀밥/잡곡밥,부대찌개,삼치구이,돈육잡채
짜장덮밥,해물짬뽕,군만두,과일샐러드
쌀밥/잡곡밥,청국장찌개,동파삼겹수육,마늘쫑볶음
참치회덮밥,미소장국,새우또띠아/음료,콘샐러드
쌀밥/잡곡밥,순두부찌개,돈육굴소스볶음,황태양념구이
쌀밥/잡곡밥,목살김치찌개,가자미튀김,비엔나감자볶음
낙지볶음덮밥,맑은국,언양식불고기,꽃맛살샐러드
쌀밥/잡곡밥,뼈해장국,고등어양념구이,두부양념찜
김밥,계란국,해물볶음우동,비빔야채만두
쌀밥/잡곡밥,닭곰탕,미트볼떡조림,도토리묵무침
쌀밥/잡곡밥,콩나물국,매운돼지갈비찜,메추리알곤약조림
굴소스해물볶음밥,미소장국,미니햄버거,쫄면야채무침
쌀밥/잡곡밥,동태찌개,수제돈까스,통도라지구이
생선초밥,우동,떡볶이,하와이안샐러드
쌀밥/잡곡밥,육개장,탕수어,해파리겨자채
쌀밥/잡곡밥,황태국,등갈비김치찜,궁중떡볶음
후난식볶음밥,팽이장국,새우까스*탈탈소스,찹쌀순대볶음
쌀밥/잡곡밥,소고기미역국,쭈꾸미볶음,고기전
멸치주먹밥,잔치국수,또띠아피자,브로컬리꽃맛살샐러드
쌀밥/잡곡밥,된장찌개,장어강정,옥수수전
쌀밥/잡곡밥,시금치된장국,닭강정,꽁치한마리구이
참치주먹밥,짬뽕,야채튀김,홍시드레싱샐러드
*,,,
김치볶음밥,미소장국,수제고로케*케찹,갈비만두
쌀밥/잡곡밥,오징어국,미니함박조림,연두부*양념장
쌀밥/잡곡밥,매운감자국,소고기숙주볶음,코다리엿장조림
유부초밥,쌀국수,단호박조림,핫도그/음료
쌀밥/잡곡밥,부대찌개,유린기,잔멸치볶음
김밥,계란국,해물볶음우동,과일샐러드
쌀밥/잡곡밥,쇠고기무국,주꾸미볶음,모듬묵*양념장
쌀밥/잡곡밥,대구지리,유산슬,동그랑땡전
주먹밥,양송이스프,토마토스파게티,새우또띠아
쌀밥/잡곡밥,매생이굴국,간장찜닭,녹두전(김치)
오므라이스,팽이장국,해물떡볶이,호빵/식혜
쌀밥/잡곡밥,미역국,등갈비김치찜,들깨버섯무침
쌀밥/잡곡밥,육개장,탕수어,쫄면야채무침
충무김밥,잔치국수,오징어무침,고구마치즈구이
쌀밥/잡곡밥,알탕,돈육장조림,해물파전
작은밥,바지락수제비,사천식탕수육,메추리알조림
쌀밥/잡곡밥,돈육김치찌개,궁중떡볶음,고등어카레구이
쌀밥/잡곡밥,청국장찌개,가자미양념찜,훈제오리냉채
해물굴소스볶음밥,맑은국,돈육강정,흑임자시금치샐러드
*,,,
참치주먹밥,김치우동,쇠고기퀘사디아,구운채소
쌀밥/잡곡밥,봄동된장국,닭볶음탕,꼬막찜
쌀밥/잡곡밥,매운오징어국,목살간장조림,두부부침
참치회덮밥,유부주머니국,수제고로케,멕시칸샐러드
쌀밥/잡곡밥,감자찌개,닭데리야끼구이,새송이버섯볶음
마파두부덮밥,팽이장국,류산슬,비빔야채만두
쌀밥/잡곡밥,들깨무채국,등갈비묵은지찜,모듬소세지구이
쌀밥/잡곡밥,콩비지찌개,양파치킨,도토리묵무침
김치참치주먹밥,가쯔오국,로제스파게티,딸기드레싱샐러드
쌀밥/잡곡밥,해물된장찌개,제육볶음,메밀전병만두
쌀밥/잡곡밥,뼈감자탕,삼치된장구이,해파리냉채
쌀밥/잡곡밥,시래기국,소고기장조림,김치전
쌀밥/잡곡밥,감자국,매운돼지갈비찜,크랜베리멸치볶음
후난식볶음밥,맑은국,닭강정,고구마그라탕
쌀밥/잡곡밥,쇠고기샤브국,갈치양념조림,쫄면무침
김밥,새우튀김우동,펜네베이컨샐러드,단무지무침
쌀밥/잡곡밥,부대찌개,해물청경채볶음,부추호박전
쌀밥/잡곡밥,쇠고기매운국,버섯탕수,꽁치한마리구이
멸치주먹밥,잔치국수,쇠고기퀘사디아,시금치흑임자샐러드
*,,,
쌀밥/잡곡밥,시래기들깨탕,돈육강정,메추리알곤약조림
김치볶음밥,꼬지어묵우동,해물까스*탈탈소스,콘샐러드
쌀밥/잡곡밥,차돌박이찌개,장어강정,어묵꽈리고추볶음
쇠고기덮밥,장국,야채튀김,메쉬드포테이토
쌀밥/잡곡밥,소고기무국,고등어김치말이,동그랑땡전
쌀밥/잡곡밥,사골우거지국,탕수어,모듬소세지구이
쌀밥/잡곡밥,순두부찌개,돈육굴소스볶음,해물파전
쌀밥/잡곡밥,열무된장국,삼겹살구이,두부찜
유부초밥,쌀국수,순대오징어볶음,푸실리샐러드
쌀밥/잡곡밥,청국장찌개,미니함박조림,감자채볶음
쌀밥/잡곡밥,부대찌개,고등어구이,비엔나감자볶음
짜장덮밥,맑은국,사천식탕수육,과일샐러드
쌀밥/잡곡밥,오징어국,돈육장조림,황태양념구이
오므라이스,가쯔오장국,치킨텐더,떡볶이
쌀밥/잡곡밥,콩비지찌개,고추잡채*꽃빵,계란말이
쌀밥/잡곡밥,얼갈이된장국,간장찜닭,콩나물냉채
날치알김치볶음밥,미역장국,쇠고기퀘사디아,꽃맛살샐러드
*,,,
참치주먹밥,김치우동,케이준샐러드,단호박범벅
쌀밥/잡곡밥,쇠고기샤브국,가자미양념찜,고기전
쌀밥/잡곡밥,황태국,짬뽕불고기,연두부*양념장
김밥,꼬치어묵탕,쫄면야채무침,옥수수맛탕
후난식볶음밥,잔치국수,새우또띠아,견과류조림
쌀밥/잡곡밥,해물된장찌개,소고기모듬장조림,비엔나케찹볶음
쌀밥/잡곡밥,김치두부국,쇠불고기,모듬묵*양념장
참치야채비빔밥,맑은국,수제고로케,딸기생크림와플
쌀밥/잡곡밥,차돌박이찌개,코다리강정,돈육잡채
김밥볶음밥,팽이장국,볶음우동,봄나물튀김
쌀밥/잡곡밥,미역국,제육볶음(빨갛게),궁중떡찜
쌀밥/잡곡밥,육개장,갈치조림,모듬소시지구이
콩나물밥,가쯔오장국,주꾸미볶음,메추리알조림
쌀밥/잡곡밥,북어계란국,등갈비김치찜,새싹두부구이
멸치주먹밥,김치말이국수,훈제오리냉채,꽃맛살샐러드
쌀밥/잡곡밥,열무된장국,미니함박조림,마파두부
쌀밥/잡곡밥,매운버섯국,누룽지탕수육,브로컬리오징어숙회
베이컨김치볶음밥,미소장국,로제파스타,크림새우
*,,,
통새우김밥,짬뽕,고구마치즈구이,콘샐러드
쌀밥/잡곡밥,연두부탕,닭강정,카레감자채볶음
쌀밥/잡곡밥,부대찌개,고등어구이,해파리냉채
해물볶음밥,맑은국,비빔메밀국수,멕시칸샐러드
쌀밥/잡곡밥,우거지탕,돈까스,꽈리고추어묵조림
충무김밥,유부우동,오징어무침,핫도그&케찹
쌀밥/잡곡밥,봄동된장국,동태콩나물찜,궁중떡볶음
쌀밥/잡곡밥,콩비지찌개,가자미카레튀김,고기전
참치주먹밥,쌀국수,오징어순대볶음,시금치흑임자샐러드
쌀밥/잡곡밥,미역장국,유자청돈육볶음,두부계란부침
김치볶음밥/계란,유부주머니국,쇠고기퀘사디아,펜네베이컨샐러드
쌀밥/잡곡밥,매운어묵국,순살닭갈비,비엔나감자볶음
쌀밥/잡곡밥,무채국,치즈시즈닝치킨,해물김치전
쌀밥/잡곡밥,카레돈까스정식,미소장국,블루베리드레싱샐러드
쌀밥/잡곡밥,순두부찌개,삼치구이,메밀전병만두
유부초밥,잔치국수,수제핫도그,시리얼과일샐러드
쌀밥/잡곡밥,청국장찌개,돈육장조림,황태양념구이
쌀밥/잡곡밥,쇠고기무국,고등어조림,동그랑땡계란부침
나가사끼짬뽕,야채볶음밥,치킨핑거*요거트D,또띠아칩
쌀밥/잡곡밥,닭개장,갈치구이,햄감자채볶음
오므라이스,가쯔오장국,떡볶이,고구마치즈구이
쌀밥/잡곡밥,열무된장국,돈육강정,연두부*양념장
쌀밥/잡곡밥,오징어국,쇠고기숙주볶음,두부오꼬노미야끼
멸치주먹밥,양송이스프,토마토스파게티,꽃맛살샐러드
*,,,
닭갈비볶음밥,어묵국,크림카레우동,왕만두
쌀밥/잡곡밥,얼갈이된장국,주꾸미떡볶음,모듬소세지구이
쌀밥/잡곡밥,순두부찌개,돈육굴소스볶음,계란찜
야채볶음밥,유부주머니국,미니버거,야채비빔만두
쌀밥/잡곡밥,육개장,꽁치오븐구이,꽃맛살볶음
쌀밥/잡곡밥,연두부탕,닭오븐구이,해물김치전
볶음밥/짜장소스,맑은국,사천식탕수육,망고드레싱샐러드
쌀밥/잡곡밥,청국장찌개,돼지갈비찜,계란말이
쌀밥/잡곡밥,닭개장,가자미카레튀김,연근땅콩조림
꼬마김밥*겨자장,잔치국수,감자만두,멕시칸샐러드
쌀밥/잡곡밥,차돌박이찌개,갈치양념조림,비엔나컬리플라워볶음
쌀밥/잡곡밥,옛날돈가스,옥수수스프,고구마범벅
쌀밥/잡곡밥,배추된장국,쇠고기숙주볶음,청포묵무침
쌀밥/잡곡밥,연두부찌개,코다리조림,순대야채볶음
볶음밥,짬뽕,탕수육,단무지
쌀밥/잡곡밥,꽃게탕,모둠장조림,해라피겨자채
마파두부덮밥,유부장국,수제고로케,생과일플레인샐러드
쌀밥/잡곡밥,된장찌개,치즈닭갈비,해물까스*칠리소스
쌀밥/잡곡밥,우거지해장국,임연수엿장조림,고기전
김밥,맑은국,쫄면야채무침,오징어튀김
자기계발의날,,,
주먹밥,단호박스프,로제스파게티,샐러드/피클
쌀밥/잡곡밥,새알만두국,팝콘치킨*데리야끼소스,두부새싹구이
쌀밥/잡곡밥,감자고추장찌개,탕수어,우엉잡채
쌀밥/잡곡밥,열무된장국,돼지갈비찜,오징어브로컬리
김밥볶음밥,냉모밀국수,야채튀김,옥수수샐러드
쌀밥/잡곡밥,쇠고기미역국,가자미양념찜,닭살겨자냉채
쌀밥/잡곡밥,된장찌개,돈육강정,옥수수전
참치회덮밥,미소장국,고구마치즈구이,모둠과일
쌀밥/잡곡밥,알탕,미트볼케찹조림,잔멸치볶음
볶음밥,열무김치국수,부추만두,꽃맛살샐러드
쌀밥/잡곡밥,참치김치찌개,쇠고기장조림,올방개묵무침
쌀밥/잡곡밥,감자국,닭데리야끼조림,매운어묵볶음
충무김밥,미역장국,오징어무침,핫도그&케찹
쌀밥/잡곡밥,해물된장찌개,고추잡채*꽃빵,황태양념구이
소고기주먹밥,쌀국수,또띠아피자,흑임자샐러드
쌀밥/잡곡밥,콩비지찌개,탕수어,두부카프레제
쌀밥/잡곡밥,연두부찌개,탕수육,통도라지구이
콩국수,작은밥,탄두리치킨,모둠묵샐러드
*자기계발의날*,,,
빠에야,올챙이만두국,웨지감자,하와이안샐러드
쌀밥/잡곡밥,청국장찌개,장어강정,오꼬노미야끼계란말이
쌀밥/잡곡밥,육개장,고등어카레구이,꽃맛살볶음
후난식볶음밥,가쯔오장국,닭강정,고구마그라탕
쌀밥/잡곡밥,대구찌개,돈육굴소스볶음,김치녹두전
김밥,잔치국수,수제고로케,키위드레싱샐러드
쌀밥/잡곡밥,순두부찌개,해물까스*탈탈소스,탕평채
쌀밥/잡곡밥,감자국,사천식탕수육,건새우마늘쫑볶음
오므라이스,미소장국,새우또띠아,감자범벅
쌀밥/잡곡밥,해물된장찌개,모둠장조림,참치야채전
유부초밥,김치말이국수,풋고추튀김,꽃맛살샐러드
쌀밥/잡곡밥,고추장찌개,미니함박조림,감자채볶음
쌀밥/잡곡밥,꽃게탕,소고기장조림,꽈리고추찜
목살필라프,단호박스프,토마토스파게티,시리얼과일샐러드
쌀밥/잡곡밥,호박잎된장찌개,언양식불고기,코다리강정
카레라이스,유부장국,해물볶음우동,찐햇감자
쌀밥/잡곡밥,육개장,꽁치구이,궁중떡볶이
쌀밥/잡곡밥,콩가루배추국,고추잡채*꽃빵,고등어조림
빠에야,냉모밀국수,비빔야채만두,하와이안샐러드
가정의날,,,
마파두부덮밥,미역장국,탕수육,멕시칸샐러드
쌀밥/잡곡밥,닭개장,생선까스*탈탈소스,감자채볶음
쌀밥/잡곡밥,아욱국,돈육씨앗강정,삼치된장구이
김밥볶음밥,잔치국수,훈제오리냉채,감자범벅
쌀밥/잡곡밥,느타리버섯국,탕수어,견과류조림
콩나물밥,가쯔오장국,쇠고기장조림,실곤약흑임자무침
쌀밥/잡곡밥,차돌박이찌개,치킨텐더,꽃맛살볶음
쌀밥/잡곡밥,근대국,등갈비김치찜,메밀전병만두
해물굴소스볶음밥,가쯔오장국,비빔메밀국수,야채튀김
쌀밥/잡곡밥,뼈해장국,고등어조림,계란말이
멸치주먹밥,물냉면,케이준샐러드,떡볶이
쌀밥/잡곡밥,오징어국,깐풍기,모둠버섯구이
쌀밥/잡곡밥,콩가루배추국,양파치킨,해물파전
쌀밥/잡곡밥,콩나물국,돼지갈비찜,풍기샐러드
김치볶음밥,어묵우동,미니햄버거,단호박범벅
쌀밥/잡곡밥,해물순두부찌개,유자청제육볶음,두부카프레제
쌀밥/잡곡밥,참치김치찌개,안동찜닭,잡채
충무김밥,유부주머니국,오징어무침,파스타샐러드
쌀밥/잡곡밥,청국장찌개,돈육모듬장조림,동그랑땡전
김치주먹밥,콩국수,타코야끼,콥샐러드
쌀밥/잡곡밥,고추장찌개,생선까스*탈탈소스,닭살냉채
쌀밥/잡곡밥,닭곰탕,고등어김치말이,옥수수전
유부초밥,냉모밀국수,깐풍육,꽃맛살샐러드
쌀밥/잡곡밥,부대찌개,해물청경채볶음,메밀전
쌀밥/잡곡밥,옛날돈까스,브로컬리크림스프,키위드레싱샐러드
*,,,
쌀밥/잡곡밥,콩나물김치국,가자미튀김,모듬소세지구이
닭갈비볶음밥,가쯔오장국,크림카레우동,감자만두/샐러드
쌀밥/잡곡밥,해물된장찌개,돈육굴소스볶음,홍어채무침
볶음밥/짜장소스,맑은국,고추잡채*꽃빵,컬리플라워샐러드
쌀밥/잡곡밥,콩비지찌개,유린기,멸치아몬드볶음
쌀밥/잡곡밥,소고기무국,주꾸미굴소스볶음,쫄면무침
김밥,잔치국수,야채튀김,떡볶이
쌀밥/잡곡밥,미역국,돼지갈비찜,볼어묵곤약볶음
빠에야,쌀국수,고구마오븐구이,하와이안샐러드
쌀밥/잡곡밥,된장찌개,돈육간장강정,황태양념구이
쌀밥/잡곡밥,아욱국,후르츠탕수육,골뱅이무침&소면
충무김밥,나가사끼짬뽕,오징어초무침,꽃맛살샐러드
쌀밥/잡곡밥,김치국,해물청경채볶음,늙은호박전
치킨마요덮밥,꼬지어묵탕,수제칠리핫도그,키위드레싱샐러드
쌀밥/잡곡밥,설렁탕,김치전,오징어젓무침
쌀밥/잡곡밥,부대찌개*라면사리,갈치구이,감자채볶음
참치주먹밥,김치우동,오징어튀김,고구마범벅
쌀밥/잡곡밥,된장찌개,미니함박조림,계란말이
오므라이스,맑은장국,돈가스또띠아,마제소바
*,,,
쌀밥/잡곡밥,동태찌개,돈육굴소스볶음,쫄면무침
후난식볶음밥,잔치국수,새우까스*탈탈소스,홍시드레싱샐러드
쌀밥/잡곡밥,순두부찌개,소고기숙주볶음,비엔나감자구이
쌀밥/잡곡밥,어묵국,등갈비김치찜,옥수수전
쌀밥/잡곡밥,콩나물국,닭오븐구이,녹두전
목살필라프,단호박스프,로제스파게티,웨지감자/피클
쌀밥/잡곡밥,얼갈이된장국,소고기모듬장조림,동그랑땡전
산채비빔밥,유부장국,수제고로케,생과일플레인샐러드
쌀밥/잡곡밥,된장찌개,코다리강정,소세지볶음
쌀밥/잡곡밥,수제비국,닭강정,늙은호박전
볶음밥*자장소스,계란파국,떡볶이,고구마그라탕
*,,,
멸치주먹밥,김치국수,소고기퀘사디아,꽃맛살샐러드
쌀밥/잡곡밥,콩비지찌개,가자미카레튀김,닭살겨자냉채
쌀밥/잡곡밥,돈육김치찌개,꽁치구이,고기전
오므라이스,가쯔오장국,해물까스*탈탈소스,꽃맛살볶음
쌀밥/잡곡밥,순두부찌개,깐풍기,꽈리고추어묵볶음
통새우김밥,우동,찹쌀순대볶음,딸기드레싱샐러드
쌀밥/잡곡밥,닭개장,미트볼케찹조림,셀프무쌈말이
쌀밥/잡곡밥,어묵국,소고기장조림,비엔나케찹볶음
유부초밥,잔치국수,감자치즈오븐구이,해물떡볶이
쌀밥/잡곡밥,쇠고기샤브국,해물청경채볶음,쫄면무침
낙지덮밥,유부장국,동그랑땡전,양배추샐러드
쌀밥/잡곡밥,소고기무국,임연수엿장조림,돈육잡채
쌀밥/잡곡밥,연두부탕,훈제오리떡볶음,무쌈/부추생채
볶음밥,계란국,짜장면,새우또띠아/음료
쌀밥/잡곡밥,뼈감자탕,해물까스*탈탈소스,풍기샐러드
쌀밥/잡곡밥,수제비국,김치두루치기,옥수수계란찜
쌀밥/잡곡밥,토란탕,주꾸미굴소스볶음,감자채볶음
쌀밥/잡곡밥,알탕,동파삼겹수육,실곤약흑임자무침
닭갈비볶음밥,쌀국수,수제고로케,왕만두
쌀밥/잡곡밥,배추된장국,쇠고기장조림,호박부추전
꼬마김밥*겨자장,김치우동,치킨핑거,시저샐러드
쌀밥/잡곡밥,육개장,새우까스*탈탈소스,마파두부
쌀밥/잡곡밥,쇠고기미역국,닭갈비,두부스테이크
참치주먹밥,짬뽕,고구마그라탕,꽃빵튀김*연유
*,,,
목살필라프,로제파스타/스프,홍시드레싱샐러드,마늘바게뜨
쌀밥/잡곡밥,열무된장국,수제돈가스,탕평채
쌀밥/잡곡밥,김치찌개,유린기,느타리호박볶음
참치회덮밥,미소장국,또띠아피자,모둠과일
쌀밥/잡곡밥,쇠고기샤브국,꽁치김치찜,잡채
김밥,잔치국수,타코야끼,콥샐러드
쌀밥/잡곡밥,설렁탕,김치전,오징어젓무침
쌀밥/잡곡밥,배추국,쇠고기장조림,갈치구이
김치볶음밥,어묵우동,미니햄버거,감자샐러드
쌀밥/잡곡밥,새알미역국,닭갈비,늙은호박전
멸치주먹밥,나가사끼짬뽕,소고기퀘사디아,꽃맛살샐러드
쌀밥/잡곡밥,올갱이아욱국,등갈비김치찜,들깨버섯무침
쌀밥/잡곡밥,돈육김치찌개,가자미카레튀김,우엉잡채
볶음밥*짜장소스,맑은국,닭오븐구이,멕시칸샐러드
쌀밥/잡곡밥,근대국,고추잡채*꽃빵,두부계란부침
작은밥,바지락수제비,찹쌀순대볶음,모둠튀김
쌀밥/잡곡밥,황태무채국,유자청제육볶음,해물김치전
쌀밥/잡곡밥,청국장찌개,돈육계란장조림,꽃맛살볶음
*,,,
쌀밥/잡곡밥,옛날왕돈까스,크림스프,감자범벅/오이피클
쌀밥/잡곡밥,육개장,자반고등어구이,비엔나감자볶음
쌀밥/잡곡밥,대구매운탕,유산슬,메추리알조림
쌀밥/잡곡밥,홍합탕,사천식탕수육,두부양념조림
날치알김치볶음밥,어묵우동,새우또띠아,시저샐러드
쌀밥/잡곡밥,연두부탕,순대오징어볶음,계란말이
쌀밥/잡곡밥,냉이된장국,등갈비김치찜,오징어&브로컬리숙회
목살필라프,옥수수스프,토마토스파게티,시리얼과일샐러드
쌀밥/잡곡밥,쇠고기미역국,주꾸미굴소스볶음,모둠묵*양념장
쌀밥/잡곡밥,뼈감자탕,삼치된장구이,두부카프레제
쌀밥/잡곡밥,시래기국,훈제오리구이,무쌈/양파/부추생채
쌀밥/잡곡밥,매운버섯국,굴비구이,소시지오븐구이
김치주먹밥,쌀국수,국물떡볶이,고구마튀김
쌀밥/잡곡밥,콩나물국,삼겹살구이,어묵볶음
오므라이스,팽이장국,돈육강정,감자샐러드
쌀밥/잡곡밥,순두부찌개,닭갈비,메추리알곤약조림
쌀밥/잡곡밥,돈육김치찌개,갈치구이,비엔나감자볶음
김밥,유부장국,해물볶음우동,꽃맛살샐러드
쌀밥/잡곡밥,근대국,안동찜닭,마파두부
야채볶음밥,짬뽕,수제고로케,시금치흑임자샐러드
쌀밥/잡곡밥,쇠고기샤브국,미트볼케찹조림,계란찜
쌀밥/잡곡밥,청국장찌개,류산슬,생선커틀릿*탈탈소스
유부초밥,새우튀김우동,시저샐러드,오꼬노미야끼
*,,,
후난식볶음밥,잔치국수,돈가스또띠아,견과류조림
쌀밥/잡곡밥,알탕,주꾸미굴소스볶음,모듬소세지구이
쌀밥/잡곡밥,참치김치찌개,꽁치오븐구이,비엔나컬리플라워볶음
낙지볶음덮밥,팽이장국,야채튀김,양배추샐러드
쌀밥/잡곡밥,시금치된장국,매운닭찜,검정콩조림
쌀밥/잡곡밥,옛날왕돈까스,옥수수스프,감자범벅/오이피클
쌀밥/잡곡밥,감자고추장찌개,유린기,느타리버섯볶음
쌀밥/잡곡밥,육개장,가자미카레튀김,동그랑땡전
베이컨김치볶음밥,단호박스프,로제파스타,감자튀김/무피클
쌀밥/잡곡밥,쇠고기무국,고추잡채*꽃빵,계란찜
쌀밥/잡곡밥,콩비지찌개,명태조림,계란말이
해물굴소스볶음밥,가쯔오장국,닭오븐구이,딸기드레싱샐러드
쌀밥/잡곡밥,우거지해장국,고등어자반찜,궁중떡볶음
볶음밥(김밥재료),김치우동,오징어튀김,또띠아견과칩
쌀밥/잡곡밥,대구매운탕,돈육장조림,부추호박전
쌀밥/잡곡밥,쇠고기미역국,닭매운찜,두부스테이크
짜장잡채덮밥,계란국,연근/고구마튀김,씨리얼과일샐러드
*,,,
쌀밥/잡곡밥,콩나물김치국,돈육굴소스볶음,들깨버섯무침
쌀밥/잡곡밥,콩나물국,돈육고추장볶음,단호박달걀찜
김밥,잔치국수,해물떡볶이,김말이튀김
쌀밥/잡곡밥,된장찌개,삼겹살구이,쫄면무침
산채비빔밥,유부장국,수제고로케,꽃맛살샐러드
쌀밥/잡곡밥,설렁탕,김치전,오징어젓무침
쌀밥/잡곡밥,닭개장,갈치구이,비엔나볶음
김치볶음밥,어묵우동,쇠고기퀘사디아,감자만두
쌀밥/잡곡밥,콩비지찌개,유자청돈육볶음,옥수수전
작은밥,바지락수제비,사천식탕수육,카레감자채볶음
쌀밥/잡곡밥,콩나물국,닭갈비,연두부*양념장
쌀밥/잡곡밥,부대찌개,고등어구이,닭가슴살냉채
오므라이스,가쯔오장국,모둠튀김*칠리소스,멕시칸샐러드
쌀밥/잡곡밥,연두부탕,돈육장조림,김치녹두전
빠에야,쌀국수,웨지감자,옥수수샐러드
쌀밥/잡곡밥,버섯매운국,새우까스*탈탈소스,마파두부
쌀밥/잡곡밥,황태국,소고기숙주볶음,가자미양념조림
김밥,나가사끼짬뽕,후르츠탕수육(황도),단무지
*,,,
참치회덮밥,미소장국,봄나물튀김,해물볶음우동
쌀밥/잡곡밥,시래기국,돼지갈비찜,감자전
쌀밥/잡곡밥,육개장,꽁치오븐구이,모둠버섯초무침
멸치주먹밥,잔치국수,훈제오리냉채,멕시칸샐러드
쌀밥/잡곡밥,시금치된장국,동파삼겹수육,실곤약흑임자무침
볶음밥&짜장소스,꼬지어묵탕,케이준치킨샐러드,단무지무침
쌀밥/잡곡밥,쇠고기샤브국,동태포전,꽃맛살볶음
쌀밥/잡곡밥,소고기매운국,굴비구이,셀프무쌈말이
베이컨김치볶음밥,새우튀김우동,찹쌀순대볶음,부추만두
쌀밥/잡곡밥,꽃게탕,레몬탕수육,어묵꽈리고추볶음
후난식볶음밥,도토리묵냉국,닭강정,고구마치즈구이
쌀밥/잡곡밥,어묵국,버섯불고기,황태양념구이
쌀밥/잡곡밥,차돌박이찌개,유린기,연근땅콩조림
충무김밥,김치말이국수,오징어무침,미트볼조림
쌀밥/잡곡밥,콩비지찌개,쇠고기야채볶음,삼치구이
참치주먹밥,로제스파게티,미소장국,돈까스또띠아
쌀밥/잡곡밥,소고기무국,닭갈비,옥수수전
쌀밥/잡곡밥,청국장찌개,돼지갈비찜,해물까스*탈탈소스
하와이안필라프,쌀국수,미니햄버거,감자튀김
,,,
유부초밥,우동,표고버섯탕수육,참치샐러드
쌀밥/잡곡밥,쇠고기샤브국,주꾸미떡볶음,두부카프레제
쌀밥/잡곡밥,육개장,해물누룽지탕,부추전
쌀밥/잡곡밥,올갱이아욱국,소고기버섯볶음,깐풍연근
김밥,잔치국수,해물떡볶이,만두/고구마튀김
쌀밥/잡곡밥,감자국,쇠고기장조림,비엔나케찹볶음
쌀밥/잡곡밥,삼계국밥,삼치양념찜,당면계란만두
쌀밥/잡곡밥,대구매운탕,언양식불고기,견과류조림
볶음밥*짜장소스,맑은국,사천식탕수육,하와이안샐러드
쌀밥/잡곡밥,꽃게탕,유린기,모듬묵샐러드
쌀밥/잡곡밥,닭개장,고추잡채*꽃빵,계란찜
오므라이스,가쯔오장국,생선까스*탈탈소스,망고드레싱샐러드
쌀밥/잡곡밥,고추장찌개,갈치구이,햄감자채볶음
멸치주먹밥,김치국수,깐풍육,꽃맛살샐러드
쌀밥/잡곡밥,연두부탕,미니채소떡갈비,쫄면무침
쌀밥/잡곡밥,콩나물김치국,모듬장조림(소고기),계란말이
쌀밥/잡곡밥,해물된장찌개,돈육칠리강정,동태전
토마토스파게티,완두콩스프,함박스테이크,굴소스볶음밥/샐러드
쌀밥/잡곡밥,쇠고기무국,닭겨자냉채,비엔나감자구이
쌀밥/잡곡밥,고추장찌개,쇠고기숙주볶음,해물김치전
볶음밥,짬뽕,깐풍기,양배추샐러드
,,,
충무김밥,우동,오징어초무침,핫도그
쌀밥/잡곡밥,콩비지찌개,레몬탕수육,견과류조림
쌀밥/잡곡밥,쇠고기샤브국,가자미양념찜,꽃맛살볶음
참치주먹밥,잔치국수,새우까스*칠리소스,과일샐러드
쌀밥/잡곡밥,조랭이떡미역국,돈육장조림,김치녹두전
쌀밥/잡곡밥,얼갈이된장국,닭오븐구이,비엔나컬리플라워볶음
쌀밥/잡곡밥,무채국,닭볶음탕,해물동그랑땡전
쌀밥/잡곡밥,고추장찌개,언양식불고기,날치알계란찜
산채비빔밥,유부장국,모둠튀김*초간장,콘샐러드
쌀밥/잡곡밥,어묵국,돈육굴소스볶음,참치야채전
쌀밥/잡곡밥,콩나물국,후르츠탕수육,해물파전
마파두부덮밥,맑은국,소고기퀘사디아,씨리얼과일샐러드
쌀밥/잡곡밥,된장찌개,유린기,모둠버섯볶음
김밥,잔치국수,떡볶이,김말이튀김
*,,,
쌀밥/잡곡밥,시래기국,삼겹살구이,두부양념조림
유부초밥,콩국수,순대야채볶음,콥샐러드
*,,,
쌀밥/잡곡밥,옛날돈가스,단호박스프,샐러드파스타
쌀밥/잡곡밥,북어계란국,소고기불고기,감자채햄볶음
쌀밥/잡곡밥,옹심이만두국,간장치킨,비엔나컬리플라워볶음
후난식볶음밥,가쯔오장국,돈육강정,시저샐러드
쌀밥/잡곡밥,들깨미역국,주꾸미볶음,두부계란부침*양념
멸치주먹밥,열무김치국수,부추만두,멕시칸샐러드
쌀밥/잡곡밥,배추된장국,가자미카레튀김,꽃맛살볶음
쌀밥/잡곡밥,닭개장,갈치구이,고추잡채*꽃빵
볶음밥/짜장소스,맑은국,사천식탕수육,하와이안샐러드
쌀밥/잡곡밥,무채국,콩나물불고기,옥수수전
빠에야,냉모밀국수,감자치즈구이,비빔만두
쌀밥/잡곡밥,시금치국,해물누룽지탕,미트볼케찹조림
쌀밥/잡곡밥,돈육김치찌개,꽁치오븐구이,모듬소세지구이
해물굴소스볶음밥,가쯔오국,로제파스타,감자튀김
쌀밥/잡곡밥,소고기미역국,오징어볶음,명란계란찜
김밥,김치말이국수,떡볶이,찐옥수수
쌀밥/잡곡밥,꽃게탕,돈육간장강정,두부구이
쌀밥/잡곡밥,매운소고기국,유산슬,비엔나야채볶음
김치볶음밥,유부장국,탄두리치킨,모듬묵샐러드
,,,
멸치주먹밥,우동,표고버섯탕수육,햄치즈또띠아
쌀밥/잡곡밥,차돌박이찌개,쇠고기장조림,감자채볶음
쌀밥/잡곡밥,호박젓국찌개,장어강정,실곤약흑임자무침
김밥볶음밥,꼬치어묵탕,케이준샐러드,순대볶음
쌀밥/잡곡밥,쇠고기무국,꽁치김치말이,고기전
야채주먹밥,잔치국수,훈제오리냉채,단호박범벅
쌀밥/잡곡밥,콩가루배추국,언양식불고기,황태양념구이
쌀밥/잡곡밥,어묵국,닭볶음탕,연두부*양념
목살필라프,미니우동,생선까스*탈탈소스,오이무침
쌀밥/잡곡밥,육개장,고추잡채*꽃빵,계란말이
쌀밥/잡곡밥,옛날돈까스,미소장국,딸기드레싱샐러드
쌀밥/잡곡밥,시래기국,돈삼겹보쌈,매운어묵볶음
쌀밥/잡곡밥,콩나물국,닭데리야끼구이,신김치도토리묵
곤드레밥*강된장,맑은국,후르츠탕수육,오이초무침
충무김밥,콩국수,오징어초무침,홍시드레싱샐러드
쌀밥/잡곡밥,부대찌개,등갈비바베큐조림,어묵잡채
쌀밥/잡곡밥,호박새우젓국,매운닭찜,모듬소세지
투움바스파게티,가쯔오국,함박스테이크,감자튀김
쌀밥/잡곡밥,시래기국,양념갈비찜,감자채볶음
멸치주먹밥,나가사끼짬뽕,새우또띠아,꽃맛살샐러드
쌀밥/잡곡밥,어묵국,오징어볶음,비엔나케찹볶음
쌀밥/잡곡밥,차돌박이찌개,코다리조림,해물김치전
볶음밥*짜장소스,맑은국,깐풍기,감자치즈구이
*,,,
오므라이스,미역장국,모듬튀김*칠리소스,멕시칸샐러드
쌀밥/잡곡밥,황태국,유자청제육볶음,해파리냉채
쌀밥/잡곡밥,돈육김치찌개,유산슬,계란찜
닭갈비볶음밥,가쯔오장국,크림카레우동,왕만두
쌀밥/잡곡밥,육개장,고등어구이,훈제오리냉채
꼬마김밥*겨자장,잔치국수,돈육강정,키위드레싱샐러드
쌀밥/잡곡밥,콩비지찌개,생선까스*칠리소스,두부양념조림
쌀밥/잡곡밥,청국장찌개,가자미튀김,돈육잡채
김밥,김치말이국수,떡볶이,찐옥수수
쌀밥/잡곡밥,매운쇠고기국,유린기,어묵무침
쌀밥/잡곡밥,크림스프,수제돈까스*칠리소스,푸실리샐러드
쌀밥/잡곡밥,도토리묵냉국,해물누룽지탕,동그랑땡전
쌀밥/잡곡밥,들깨버섯국,오징어볶음,단호박계란찜
유부초밥,우동,순대야채볶음,참치샐러드
,,,
김치볶음밥/계란,유부주머니국,해물까스*탈탈소스,단호박범벅
쌀밥/잡곡밥,시금치된장국,미니채소떡갈비,흑임자곤약샐러드
쌀밥/잡곡밥,참치김치찌개,안동찜닭,고추잡채*꽃빵
쌀밥/잡곡밥,쇠고기샤브국,가자미양념찜,꽃맛살볶음
김치주먹밥,우동,타코야끼,콥샐러드
쌀밥/잡곡밥,호박젓국찌개,장어강정,실곤약흑임자무침
쌀밥/잡곡밥,동태찌개,쇠고기장조림,계란말이
해물굴소스볶음밥,가쯔오장국,닭오븐구이,딸기드레싱샐러드
쌀밥/잡곡밥,차돌박이된장찌개,꽁치구이,미트볼조림
유부초밥,짬뽕,탕수육,생과일플레인샐러드
쌀밥/잡곡밥,닭곰탕,류산슬,비엔나감자구이
쌀밥/잡곡밥,옹심이만두국,코다리조림,꽃맛살볶음
볶음밥*짜장소스,맑은국,탕수어,감자범벅
쌀밥/잡곡밥,대구찌개,언양식불고기,멸치아몬드볶음
야채주먹밥,김치우동,깐풍기,멕시칸샐러드
쌀밥/잡곡밥,육개장,가자미카레튀김,메추리알조림
쌀밥/잡곡밥,해물된장찌개,짬뽕불고기,도토리묵무침
쌀밥/잡곡밥,부대찌개,갈치구이,버섯잡채
자기계발의날,,,
목살필라프,가쯔오장국,로제스파게티,웨지감자
쌀밥/잡곡밥,순두부찌개,해물누룽지탕,계란말이
쌀밥/잡곡밥,감자국,돈육간장불고기,쫄면무침
참치회덮밥,미소장국,쇠고기퀘사디아,과일샐러드
쌀밥/잡곡밥,된장찌개,해물청경채볶음,두부커틀릿
쌀밥/잡곡밥,뼈감자탕,해물까스*탈탈소스,풍기샐러드
쌀밥/잡곡밥,콩비지찌개,쇠고기장조림,메밀전병만두
쌀밥/잡곡밥,차돌박이찌개,유린기,마파두부
통새우김밥,미니짬뽕,고구마그라탕,키위드레싱샐러드
쌀밥/잡곡밥,시금치된장국,매운돼지갈비찜,옥수수계란찜
볶음밥*짜장소스,유부장국,닭오븐구이,멕시칸샐러드
쌀밥/잡곡밥,콩가루배추국,미트볼케찹조림,황태양념구이
쌀밥/잡곡밥,닭개장,코다리양념조림,모듬소세지구이
김치볶음밥/계란,가쯔오장국,탄두리치킨,콥샐러드
쌀밥/잡곡밥,열무된장국,삼겹살구이,감자채볶음
멸치주먹밥,해물수제비,양장피잡채,부추만두
쌀밥/잡곡밥,고추장찌개,돈육장조림,김치전
쌀밥/잡곡밥,부대찌개,굴비구이,우엉잡채
참치주먹밥,잔치국수,돈육강정,시금치흑임자샐러드
*,,,
쌀밥/잡곡밥,연두부탕,미니함박조림,해파리겨자채
쌀밥/잡곡밥,어묵국,깐풍기,새송이버섯전
쌀밥/잡곡밥,된장찌개,돈육간장불고기,해물파전
토마토스파게티,옥수수스프,굴소스볶음밥,쇠고기퀘사디아
쌀밥/잡곡밥,육개장,삼치구이,모듬소세지볶음
빠에야,쌀국수,웨지감자,하와이안샐러드
쌀밥/잡곡밥,쇠고기샤브국,오징어볶음,두부계란부침
쌀밥/잡곡밥,순두부찌개,미트볼케찹조림,돈육잡채
생선초밥,우동,떡볶이,과일샐러드
쌀밥/잡곡밥,오징어국,양념치킨,오꼬노미야끼계란말이
짜장밥,계란국,사천식탕수육,부추만두
쌀밥/잡곡밥,김치찌개,안동찜닭,새송이고추장구이
쌀밥/잡곡밥,된장찌개,주꾸미볶음,비엔나감자볶음
충무김밥,김치말이국수,오징어초무침,꽃맛살샐러드
쌀밥/잡곡밥,콩비지찌개,고등어구이,닭살겨자냉채
쌀밥/잡곡밥,옛날돈까스,크림스프,감자범벅/양배추샐러드
쌀밥/잡곡밥,쇠고기미역국,생선까스*탈탈소스,마파두부
쌀밥/잡곡밥,민물새우찌개,닭갈비,버섯잡채
자기계발의날,,,
김밥볶음밥,짬뽕,깐풍기,키위드레싱샐러드
쌀밥/잡곡밥,육개장,코다리조림,꽃맛살볶음
쌀밥/잡곡밥,들깨시래기국,훈제오리볶음,계란찜
쌀밥/잡곡밥,부대찌개,마늘간장치킨,두부양념조림
새우볶음밥,우동,깐풍육,콘샐러드
쌀밥/잡곡밥,북어계란국,미트볼떡조림,도토리묵무침
쌀밥/잡곡밥,미역국,매운돼지갈비찜,연두부*양념장
멸치주먹밥,잔치국수,유린기,매쉬드포테이토
쌀밥/잡곡밥,닭곰탕,오징어볶음,오꼬노미야끼계란말이
닭갈비볶음밥,가쯔오국,크림카레우동,해물까스*칠리소스
쌀밥/잡곡밥,해물순두부찌개,닭데리야끼구이,셀프무쌈말이
쌀밥/잡곡밥,김치찌개,굴비구이,모듬소세지볶음
목살필라프,팽이가쯔오장국,로제파스타,키위드레싱샐러드
쌀밥/잡곡밥,된장찌개,돈육장조림,해물김치전
오므라이스,미역장국,모듬튀김*칠리소스,멕시칸샐러드
쌀밥/잡곡밥,닭개장,해물청경채볶음,버섯잡채
쌀밥/잡곡밥,차돌박이찌개,주꾸미볶음,두부새싹구이
참치회덮밥,미소장국,또띠아피자,과일샐러드
쌀밥/잡곡밥,아욱국,돈육강정,신김치도토리묵
김치주먹밥,쌀국수,국물떡볶이,시저샐러드
쌀밥/잡곡밥,콩비지찌개,닭갈비,동태전
쌀밥/잡곡밥,배추된장국,양념갈비찜,탕평채
김밥,나가사끼짬뽕,순대야채볶음,딸기드레싱샐러드
자기개발의날,,,
쌀밥/잡곡밥,옛날왕돈까스,옥수수스프,감자범벅/피클
쌀밥/잡곡밥,참치김치찌개,소고기모듬장조림,셀프무쌈말이
쌀밥/잡곡밥,연두부탕,양념치킨,견과류조림
쌀밥/잡곡밥,쇠고기국,해물누룽지탕,미트볼케찹조림
쌀밥/잡곡밥,된장찌개,닭볶음탕,부추호박전
볶음밥*짜장소스,가쯔오장국,사천식탕수육,콘샐러드
쌀밥/잡곡밥,근대국,돈육간장볶음,마파두부
참치주먹밥,우동,케이준샐러드,또띠아견과칩
쌀밥/잡곡밥,육개장,탕수어,우엉잡채
쌀밥/잡곡밥,얼갈이국,돈육굴소스볶음,홍어채무침
김치볶음밥/계란,가쯔오장국,탄두리치킨,딸기드레싱샐러드
쌀밥/잡곡밥,매운버섯국,가자미튀김,모듬소세지구이
목살필라프,미니잔치국수,생선까스*칠리소스,콥샐러드
쌀밥/잡곡밥,오징어국,닭갈비,동그랑땡전
쌀밥/잡곡밥,콩나물국,류산슬,돈육잡채
유부초밥,짬뽕,깐풍기,생과일플레인샐러드
*,자기계발의날,*,
쌀밥/잡곡밥,소고기무국,주꾸미볶음,맛살전
쌀밥/잡곡밥,김치순두부찌개,소고기장조림,도토리묵야채무침
김밥,미니우동,떡볶이,김말이&만두튀김
쌀밥/잡곡밥,쇠고기샤브국,오징어볶음,고구마그라탕
볶음밥,단호박스프,로제스파게티,쇠고기퀘사디아
쌀밥/잡곡밥,시금치국,수원왕갈비통닭,오꼬노미야끼계란말이
쌀밥/잡곡밥,된장찌개,유자청제육볶음,두부구이*양념장
오므라이스,미소장국,모듬튀김*칠리소스,멕시칸샐러드
쌀밥/잡곡밥,수제비국,순살파닭,꽃맛살볶음
쌀밥/옛날돈까스,양송이스프,딸기드레싱샐러드,감자범벅
쌀밥/잡곡밥,달래된장국,레몬탕수육,우엉잡채
쌀밥/잡곡밥,배추된장국,닭갈비,메추리알곤약조림
꼬마김밥*겨자장,김치우동,해물까스/케찹,시금치흑임자샐러드
쌀밥/잡곡밥,닭개장,고등어구이,훈제오리냉채
빠에야,쌀국수,수제고로케,과일샐러드
쌀밥/잡곡밥,참치김치찌개,언양식불고기,해파리냉채
쌀밥/잡곡밥,시래기국,삼겹살구이,감자채볶음
잡채밥&짜장소스,맑은국,간장치킨,떡꼬지
*,자기개발의날,*,
충무김밥,우동,오징어초무침,모짜렐라핫도그
쌀밥/잡곡밥,쇠고기샤브국,깐풍기,동그랑땡전
쌀밥/잡곡밥,감자국,새송이너비아니구이,가자미양념찜
목살필라프,꼬지어묵국,탕수육,콥샐러드
쌀밥/잡곡밥,부대찌개,돈육장조림,어묵잡채
쌀밥/잡곡밥,뼈감자탕,해물까스*와사비소스,단호박*팥찜
쌀밥/잡곡밥,청국장찌개,류산슬,치즈함박스테이크
쌀밥/잡곡밥,김치두부국,닭갈비,해물파전
참치회덮밥,미소장국,또띠아피자,꽃맛살샐러드
쌀밥/잡곡밥,육개장,꽁치구이*와사비장,비엔나케찹볶음
베이컨김치볶음밥,새우튀김우동,찐만두,키위드레싱샐러드
쌀밥/잡곡밥,배추된장국,돈육강정,계란말이
쌀밥/잡곡밥,차돌박이찌개,가자미카레튀김,마파두부
토마토스파게티(작은밥),크림스프,미니햄버거,감자튀김
쌀밥/잡곡밥,콩비지찌개,간장마늘치킨,브로컬리맛살볶음
김밥볶음밥,짬뽕,크림새우,딸기드레싱샐러드
쌀밥/잡곡밥,고추장찌개,돈육굴소스볶음,동그랑땡전
쌀밥/잡곡밥,콩가루배추국,닭데리야끼조림,탕수만두
쌀밥/잡곡밥,수제비국,고등어구이,고추잡채*꽃빵
*,자기계발의날,*,
파인애플볶음밥,유부주머니국,새우까스*와사비소스,콘치즈오븐구이
쌀밥/잡곡밥,시금치국,유린기,감자채볶음
쌀밥/잡곡밥,매운소고기무국,삼치구이,돈육잡채
김밥,잔치국수,야채튀김,바나나
삼겹살볶음밥,미소장국,볶음우동,쫑상추무침
쌀밥/잡곡밥,황태국,돈육피망볶음,두부계란부침
쌀밥/잡곡밥,콩나물국,닭갈비,동그랑땡전
쌀밥/잡곡밥,육개장,굴비구이,모듬소세지구이
잡채밥/짜장소스,맑은국,소고기퀘사디아,씨리얼과일샐러드
쌀밥/잡곡밥,열무된장국,레몬탕수육,해물파전
쌀밥/잡곡밥,부대찌개,고등어자반찜,메밀전병만두
멸치주먹밥,김치우동,고구마치즈구이,모듬튀김
쌀밥/잡곡밥,시래기국,버섯불고기,매운어묵볶음
닭갈비볶음밥,쌀국수,해물까스*와사비소스,핫도그
쌀밥/잡곡밥,닭개장,미니함박조림,브로컬리오징어숙회
쌀밥/잡곡밥,떡국,고추잡채*꽃빵,통도라지구이
충무김밥,미니국수,오징어초무침,꽃맛살샐러드
쌀밥/잡곡밥,버섯들깨탕,과일탕수육,감자비엔나볶음
해물굴소스볶음밥,스프,토마토스파게티,감자튀김*케찹
쌀밥/잡곡밥,고추장찌개,두부커틀릿,해물누룽지탕
쌀밥/잡곡밥,두부김치국,소고기장조림,양장피잡채
유부초밥,가쯔오장국,야채쫄면,생선까스*칠리소스
*,자기개발의날,*,
쇠고기숙주규동덮밥,미소장국,파스타샐러드,치킨퀘사디야
쌀밥/잡곡밥,무청된장국,닭갈비,숙주미나리잡채
쌀밥/잡곡밥,순두부찌개,삼치튀김*데리소스,꽃맛살볶음
참치주먹밥,우동,닭오븐구이,딸기드레싱샐러드
쌀밥/잡곡밥,된장찌개,동파삼겹수육,감자채볶음
쌀밥/잡곡밥,두부김치국,닭강정,새송이버섯전
쌀밥/잡곡밥,얼갈이된장국,삼겹살구이,어묵꽈리고추볶음
김밥볶음밥,초계국수,떡볶이,멕시칸샐러드
쌀밥/잡곡밥,매운버섯국,갈치구이,비엔나볶음
오므라이스,가쯔오장국,훈제오리냉채,만두튀김
쌀밥/잡곡밥,동태탕,미트볼케찹조림,새싹두부구이
쌀밥/잡곡밥,콩나물김치국,류산슬,모듬소세지구이
베이컨볶음밥,유부장국,토마토스파게티,해물까스*칠리소스
쌀밥/잡곡밥,된장찌개,닭갈비,옥수수전
쌀밥/잡곡밥,뼈감자탕,유린기,궁중떡볶음
쌀밥/잡곡밥,쇠고기샤브국,미니야채떡갈비,어묵피망볶음
쌀밥/잡곡밥,소고기매운무국,오징어굴소스볶음,모둠버섯구이
중국식볶음밥,짬뽕,고추잡채*꽃빵,과일샐러드
*,자기개발의날,*,
빠에야,올챙이만두국,소고기퀘사디아,하와이안샐러드
쌀밥/잡곡밥,아욱국,돈육강정,고기전
쌀밥/잡곡밥,차돌된장찌개,고등어구이,메추리알조림
꼬마김밥*겨자장,우동,생선까스*탈탈소스,멕시칸샐러드
쌀밥/잡곡밥,근대국,돈육간장볶음,두부구이*양념장
베이컨김치볶음밥,냉모밀국수,해물부추전,만두찜
쌀밥/잡곡밥,배추된장국,레몬탕수육,실곤약흑임자무침
쌀밥/잡곡밥,콩나물국,해물누룽지탕,모듬소시지구이
멸치주먹밥,잔치국수,케이준샐러드,단호박범벅
쌀밥/잡곡밥,육개장,가자미튀김,계란말이
쌀밥/잡곡밥,들깨미역국,언양식불고기,오징어초무침
쌀밥/잡곡밥,된장찌개,소고기장조림,비엔나케찹볶음
쌀밥/잡곡밥,시래기들개탕,오징어볶음*소면,고기전
유부초밥,콩국수,떡볶이,군만두
쌀밥/잡곡밥,두부김치국,돼지고기장조림,야채계란찜
쌀밥/잡곡밥,브로컬리크림스프,옛날왕돈가스,키위드레싱샐러드
쌀밥/잡곡밥,꽃게탕,안동찜닭,해물겨자냉채
쌀밥/잡곡밥,얼갈이국,오리불고기,두부구이
김밥,맑은국,해물볶음우동,나초콥샐러드
쌀밥/잡곡밥,된장찌개,대패삼겹*파채,새송이버섯전
파인애플볶음밥,유부주머니국,사천식탕수육,콘치즈오븐구이
쌀밥/잡곡밥,맑은연두부탕,돈육매콤조림,토마토시금치달걀볶음
쌀밥/잡곡밥,무채국,버섯불고기,닭살겨자냉채
김치볶음밥,유부장국,탄두리치킨,꽃맛살샐러드
자기계발의날,,,
참치주먹밥,열무물국수,돈육강정,시저샐러드
쌀밥/잡곡밥,매운버섯국,고등어구이,두부스테이크
쌀밥/잡곡밥,육개장,꽁치오븐구이,마파두부
해물굴소스볶음밥,미소장국,로제파스타,양배추샐러드
쌀밥/잡곡밥,콩가루배추국,돈육장조림,콩나물겨자채
야채볶음밥,김치말이국수,닭오븐구이,키위드레싱샐러드
쌀밥/잡곡밥,얼갈이국,등뼈김치찜,두부구이
쌀밥/잡곡밥,북어해장국,양념치킨,오징어야채무침
제육김치덮밥,유부장국,까르보나라떡볶이,김말이강정
쌀밥/잡곡밥,사과오이냉국,오징어볶음*소면,생선가스
쌀밥/잡곡밥,해물짬뽕국,돈육굴소스볶음,쇠고기두부찜
쌀밥/잡곡밥,콩나물김치국,안동찜닭,셀프무쌈말이
유부초밥,냉모밀국수,해물까스*칠리소스,콥샐러드
쌀밥/잡곡밥,북어해장국,소고기낙지볶음,녹두전
목살필라프,꼬지어묵국,탕수육,과일요거트샐러드
쌀밥/잡곡밥,건새우아욱된장국,동파삼겹수육,감자채볶음
쌀밥/잡곡밥,매운버섯국,돈육간장볶음,계란찜
베이컨김치볶음밥,새우튀김우동,찹쌀순대볶음,부추만두
*,,,
오므라이스,가쯔오장국,소고기퀘사디아,멕시칸샐러드
쌀밥/잡곡밥,들깨버섯국,마늘치킨,동그랑땡전
쌀밥/잡곡밥,콩나물국,파닭,두부계란부침
빠에야,쌀국수,치킨샐러드,고구마맛탕
쌀밥/잡곡밥,참치김치찌개,돈육강정,계란찜
김밥,김치어묵국,야채튀김,미니햄버거
쌀밥/잡곡밥,고추장찌개,소고기숙주볶음,맛살냉채
쌀밥/잡곡밥,황태해장국,닭갈비,두부구이*양념장
김치필라프,크림스프,토마토스파게티,시리얼과일샐러드
쌀밥/잡곡밥,해물된장찌개,고추잡채*꽃빵,명태조림
쌀밥/잡곡밥,참치김치찌개,치즈함박스테이크,새송이버섯전
참치덮밥,미소장국,또띠아피자,모둠과일
쌀밥/잡곡밥,수제비국,쇠고기숙주볶음,두부매콤조림
쌀밥/잡곡밥,설렁탕,김치전,오징어젓무침
쌀밥/잡곡밥,얼큰소고기무국,안동찜닭,탕평채
쌀밥/잡곡밥,육개장,고등어구이,모듬소세지볶음
쌀밥/잡곡밥,무채국,닭볶음탕,메밀전병만두
*,,,
볶음밥/짜장소스,계란국,깐풍기,시저샐러드
쌀밥/잡곡밥,아욱국,돈육간장볶음,닭살겨자채
쌀밥/잡곡밥,버섯들깨탕,오징어볶음,고기전
쌀밥/잡곡밥,열무된장국,쇠고기장조림,마파두부
쌀밥/잡곡밥,순두부찌개,함박스테이크,계란찜
쌀밥/잡곡밥,닭개장,갈치구이,비엔나케찹볶음
김치볶음밥,새우튀김우동,고구마치즈구이,홍시드레싱샐러드
참치주먹밥,잔치국수,쇠고기퀘사디아,꽃맛살샐러드
쌀밥/잡곡밥,쇠고기샤브국,탕수어,견과류조림
쌀밥/잡곡밥,참치김치찌개,주꾸미볶음,계란말이
야채볶음밥,유부주머니국,통새우또띠아,야채쫄면무침
쌀밥/잡곡밥,된장찌개,꽁치구이,모듬소세지구이
쌀밥,떡만두국,닭매운찜,김치전
쌀밥/잡곡밥,부대찌개,후르츠탕수육,오징어초무침
쌀밥/잡곡밥,어묵국,언양식불고기,맛살냉채
김밥,잔치국수,떡볶이,김말이튀김
쌀밥/잡곡밥,열무된장국,소고기버섯볶음,부추호박전
해물굴소스볶음밥,맑은국,돈육간장강정,흑임자시금치샐러드
쌀밥/잡곡밥,차돌박이찌개,류산슬,비엔나감자조림
쌀밥/잡곡밥,짬뽕국,가자미카레튀김,고기전
오므라이스,미니우동,닭오븐구이,고구마튀김
*,,,
참치회덮밥,미소장국,또띠아피자,꽃맛살샐러드
쌀밥/잡곡밥,떡국,돈육장조림,해물김치전
쌀밥/잡곡밥,열무된장국,함박스테이크,닭살겨자냉채
멸치주먹밥,해물수제비,야채튀김,오징어숙회무침
쌀밥/잡곡밥,닭개장,황태양념구이,고추잡채*꽃빵
목살필라프,계란국,로제파스타,양배추샐러드
쌀밥/잡곡밥,들깨시래기국,대패삼겹*파채,두부양념조림
쌀밥/잡곡밥,얼갈이국,훈제오리불고기,두부구이
유부초밥,쌀국수,쇠고기퀘사디아,단무지
쌀밥/잡곡밥,해물순두부찌개,등갈비바베큐조림,고등어구이
쌀밥/잡곡밥,설렁탕,부추전,오징어젓무침
쌀밥/잡곡밥,부대찌개,소불고기,새송이버섯볶음
쌀밥/잡곡밥,열무된장국,짬뽕불고기,버섯들깨나물
통새우김밥,우동,찹쌀순대볶음,딸기드레싱샐러드
쌀밥/잡곡밥,얼갈이된장국,삼겹살구이,어묵꽈리고추볶음
쌀밥/잡곡밥,뼈감자탕,유린기,궁중떡볶음
쌀밥/잡곡밥,쇠고기샤브국,미트볼조림,맛살전
쌀밥/잡곡밥,미역국,삼겹보쌈,김치전
닭갈비볶음밥,가쯔오장국,크림카레우동,수제고로케
*,,,
참치주먹밥,잔치국수,오징어튀김,과일샐러드
쌀밥/잡곡밥,소고기무국,굴비구이,비엔나케찹볶음
쌀밥/잡곡밥,옹심이만두국,오징어볶음,두부계란부침
짜장면/작은밥,계란국,미니햄버거,고구마맛탕
쌀밥/잡곡밥,매운버섯국,돈육강정,물파래전
꼬마김밥*겨자장,우동,케이준샐러드,단호박범벅
쌀밥/잡곡밥,연두부탕,함박스테이크,실곤약초무침
쌀밥/잡곡밥,감자국,닭데리야끼조림,매운어묵볶음
참치마요덮밥,꼬지어묵탕,해물떡볶이,키위드레싱샐러드
쌀밥/잡곡밥,북어계란국,버섯불고기,주꾸미초무침
새우볶음밥,맑은국,깐풍육,또띠아피자
쌀밥/잡곡밥,고추장찌개,미니떡갈비조림,해물동그랑땡
쌀밥/잡곡밥,황태국,양념치킨,계란말이
야채주먹밥,잔치국수,복주머니딤섬*장,야채튀김
쌀밥/잡곡밥,김치국,돈육간장볶음,브로컬리새우전
쌀밥/잡곡밥,설렁탕,해물전,오징어젓무침
쌀밥/잡곡밥,부대찌개,오징어볶음*소면,계란찜
쌀밥/잡곡밥,닭개장,주꾸미볶음,고기전
굴소스볶음밥,토마토스파게티,크림스프,마늘빵/감자튀김
빠에야,쌀국수,새우또띠아,양배추샐러드
쌀밥/잡곡밥,매운버섯국,굴비구이,버섯잡채
쌀밥/잡곡밥,소고기무국,고등어구이,마파두부
*,,,
카레라이스,맑은국,생선까스*탈탈소스,멕시칸샐러드
쌀밥/잡곡밥,수제비국,돈육장조림,실곤약초무침
쌀밥/잡곡밥,열무된장국,해물누룽지탕,모듬소시지구이
참치주먹밥,우동,새우까스*칠리소스,고구마샐러드
쌀밥/잡곡밥,소고기무국,주꾸미볶음,계란찜
작은밥,옛날돈가스,양송이스프,양배추샐러드/모닝빵
쌀밥/잡곡밥,청국장찌개,소고기장조림,김치전
쌀밥/잡곡밥,돈육김치찌개,소고기숙주볶음,계란찜
유부초밥,쌀국수,떡볶이,군만두
쌀밥/잡곡밥,시금치국,돈육고추장볶음,잡채
쇠고기볶음밥,팽이장국,탕수육,쫄면야채무침
쌀밥/잡곡밥,짬뽕국,미니떡갈비조림,매생이전
쌀밥/잡곡밥,만두국,간장불고기,옥수수전
스팸주먹밥,해물칼국수,감자만두,딸기드레싱샐러드
쌀밥/잡곡밥,된장찌개,주꾸미삼겹살볶음,셀프무쌈말이
쌀밥/잡곡밥,뼈감자탕,해물파전,"고추,양파/쌈장"
오므라이스,미소장국,깐풍육,감자튀김
자기개발의날,,,
참치회덮밥,우동,수제고로케,콘샐러드
쌀밥/잡곡밥,매운콩나물국,돈육장조림,맛살전
쌀밥/잡곡밥,시래기국,유린기,연두부*양념장
멸치주먹밥,잔치국수,해물까스,매쉬드포테이토
쌀밥/잡곡밥,닭곰탕,오징어볶음,오꼬노미야끼계란말이
카레덮밥,맑은국,쫄면야채무침,야채튀김
쌀밥/잡곡밥,콩나물국,제육볶음,동그랑땡전
쌀밥/잡곡밥,들깨버섯탕,고추잡채&꽃빵,시금치프리타타
짜장잡채덮밥,계란파국,참치야채전,꽃맛살샐러드
쌀밥/잡곡밥,육개장,류산슬,연근튀김*칠리소스
쌀밥/잡곡밥,설렁탕,부추전,오징어젓무침
쌀밥/잡곡밥,김치찌개,수제돈가스&소스,맛살냉채
쌀밥/잡곡밥,대구탕,안동찜닭,해물김치전
통새우김밥,우동,계란떡볶이,키위드레싱샐러드
쌀밥/잡곡밥,순두부찌개,해물누룽지탕,닭가슴살냉채
파인애플볶음밥,맑은국,새우까스*와사비소스,메추리알조림
쌀밥/잡곡밥,닭개장,고등어구이,두부스테이크
쌀밥/잡곡밥,소고기무국,가자미카레튀김,비엔나케찹볶음
야채볶음밥,김치말이국수,소고기퀘사디아,멕시칸샐러드
자기개발의날,,,
짜장면/작은밥,계란국,사천식탕수육,개성감자만두
쌀밥/잡곡밥,콩나물국,돼지갈비찜,옥수수전
쌀밥/잡곡밥,쑥된장국,삼겹살구이,어묵볶음
김치볶음밥,유부장국,로제스파게티,콥샐러드
쌀밥/잡곡밥,해물된장찌개,미니채소떡갈비,시금치프리타타
유부초밥,칼국수,순대야채볶음,야채튀김
쌀밥/잡곡밥,나가사키짬뽕국,모듬버섯탕수육,두부조림
쌀밥/잡곡밥,콩가루배추국,동파육,두부새싹구이
유산슬덮밥,계란파국,멘보샤*칠리S,짜샤이볶음
쌀밥/잡곡밥,부대찌개,등갈비오븐구이,쫄면비빔만두
버섯영양밥*우렁양념장,물만두국,메추리알치즈떡볶이,건파래볶음
쌀밥/잡곡밥,청국장찌개,닭불고기,해물동그랑땡전
쌀밥/잡곡밥,열무된장국,묵은지닭찜,수수부꾸미
쌀밥,해물손수제비,미트볼피망볶음,달래오이생채
쌀밥/잡곡밥,돈육김치찌개,코다리강정,간장계란장
쌀밥,옛날돈까스,팽이장국,콘치즈구이
쌀밥/잡곡밥,건새우아욱국,치즈함박스테이크,"쇠고기:국산,호주)"
쌀밥/잡곡밥,닭개장,삼치튀김*데리야끼,한식잡채
오므라이스,가쯔오장국,돈육고구마강정,과일플레인샐러드
찹쌀밥,장각닭죽,생야채*쌈짱,오렌지
멸치주먹밥,우동,해물까스*와사비소스,꽃맛살샐러드
쌀밥/잡곡밥,시금치국,언양식불고기,꽁치감자조림
쌀밥/잡곡밥,무채국,더덕고추장불고기,두부카프레제샐러드
충무김밥,메밀국수,오징어어묵무침,단무지
쌀밥/잡곡밥,쇠고기샤브국,통마늘너비아니조림,녹두빈대떡
마늘베이컨볶음밥,크림스프,비프스파게티,사과양상추샐러드
쌀밥/잡곡밥,참치김치찌개,소고기메추리알장조림,맛살냉채
쌀밥/잡곡밥,배추된장국,칠리미트볼조림,김치미나리전
참치마요덮밥,어묵국,고구마떡볶이,자몽샐러드
쌀밥/잡곡밥,부대찌개&쫄면사리,꽁치한마리구이,감자전
스팸볶음밥,가쓰오장국,삼겹살야채비빔면,옥수수볼맛탕
쌀밥/잡곡밥,된장찌개,매운돼지갈비찜,그린빈베이컨볶음
쌀밥/잡곡밥,순두부찌개,돈육두릅장조림,맛살전
작은밥,백종원의,고추짜장,맑은국
불고기필라프,미소장국,닭봉오븐구이,그린요거트샐러드
쌀밥/잡곡밥,뼈없는감자탕,달래새우전,야채부케*쌈장
쌀밥/잡곡밥,돈육김치찌개,고등어카레구이,마파두부
쌀밥/잡곡밥,두부미소된장국,오리훈제마늘볶음,무쌈깻잎
쌀밥/잡곡밥,굴미역국,오삼불고기,"스팸,깻잎전"
쌀밥/잡곡밥,조갯살아욱국,함박스테이크,삼치데리야끼
쌀밥/잡곡밥,나가사끼짬뽕국*라면,순대야채볶음,꼬치어묵떡볶이
쌀밥/잡곡밥,감자만두국,꽃삼겹김치찜,꿔바로우탕수육*소스
쌀밥,황태미역국,매운돈갈비찜,두부/김치볶음
쌀밥/잡곡밥,홍합무우국,로제찜닭*마늘빵,계란장조림
쌀밥/잡곡밥,다슬기아욱국,갈릭파닭,돈채호박볶음
땡초주먹밥,근대두부된장국,치킨텐더,루꼴라샐러드
쌀밥/잡곡밥,우삼겹부대찌개,조기구이,수제어묵볶음
김치볶음밥,유부된장국,새우로제파스타,계란후라이
부채살오므라이스,가쓰오장국,닭윙강정튀김,새우미역초무침
쌀밥/잡곡밥,전주식콩나물국,*도시락김,안동찜닭
쌀밥/잡곡밥,얼큰동태탕,물만두탕수*소스,닭가슴살장조림
쌀밥/잡곡밥,삼선짬뽕국*칼국수,춘장돈육볶음,어묵잡채볶음
쌀밥/잡곡밥,계란파국,매운등뼈조림,동그랑땡전
쌀밥/잡곡밥,아욱국,깐풍기,깻잎전
계란김밥,모듬어묵탕,고구마맛탕,꽃맛살샐러드
쌀밥/잡곡밥,매운버섯국,고등어구이,돈육잡채
야채볶음밥,김치우동,또띠아피자,비타민흑임자샐러드
쌀밥/잡곡밥,된장찌개,고구마까스*소스,샐러리샐러드
쌀밥/잡곡밥,소고기된장찌개,해물누룽지탕,김치고기전
김밥볶음밥,미소장국,로제파스타,회오리감자
쌀밥/잡곡밥,도토리묵냉국,돼지갈비찜,감자프리타타
쌀밥/잡곡밥,돼지국밥,고추튀김,야채스틱/부추무침
쌀밥/잡곡밥,해물순두부국,닭가슴살겨자무침,메밀전병만두
쌀밥/잡곡밥,청국장찌개,소고기불고기,실곤약야채무침
유부초밥,새우튀김우동,과일샐러드,찐옥수수
쌀밥/잡곡밥,닭곰탕,류산슬,비엔나감자구이
쌀밥/잡곡밥,감자국,미트볼조림,브로컬리오징어숙회
쌀밥/잡곡밥,오징어국,매운닭찜,도토리묵야채무침
쌀밥/잡곡밥,김치두부국,갈치튀김,햄계란말이
삼겹살마늘볶음밥,콩나물국,미니돈까스,양상추메추리알샐러드
쌀밥/잡곡밥,근대국,돈육간장볶음,동태포전
야채볶음밥,초계국수,코코넛새우튀김,옥수수콘치즈
쌀밥/잡곡밥,부대찌개,떡갈비조림,쫄면무침
쌀밥/잡곡밥,돈육김치찌개,깐풍기,고갈비구이
김밥,미니우동,구슬떡볶이,"김말이,고추튀김"
쌀밥/잡곡밥,김치어묵국,케이준샐러드,섭산적표고굴소스볶음
쌀밥/잡곡밥,스팸김치찌개,동태포전,새송이버섯장조림
오므라이스,유부장국,깐쇼새우,꽃맛살샐러드
쌀밥/잡곡밥,대구지리,바베큐함박찹스테이크,건파래볶음
후리가케덮밥,잔치국수,채소튀김*장,쇠고기우엉볶음
쌀밥/잡곡밥,된장찌개,아귀콩나물찜,부들어묵볶음
쌀밥/잡곡밥,뼈감자탕,쌈추전*간장,오징어땅콩조림
쌀밥/잡곡밥,김치콩나물국,닭카레볶음,볼어묵고추장볶음
쌀밥/잡곡밥,유부주머니된장국,돈육간장볶음,비빔만두
쌀밥/잡곡밥,매운계란파국,오리훈제마늘볶음,코다리강정
쌀밥/잡곡밥,들깨시래기국,묵은지닭찜,미역줄기볶음
채소볶음밥&자장소스,고기짬뽕국,해물누룽지,군만두*초간장
흑미밥,부대찌개,생선까스*타르타르소스,감자채파프리카볶음
유부초밥,우동국물,열무비빔국수,소떡소떡
흑미밥,나박물김치,매운사태찜,김계란말이
흑미밥,만둣국,갈치무조림,감자전
흑미밥,청국장찌개,섭산적고추장구이,느타리버섯볶음
우육비빔냉면,추가밥,사골파국,도넛츠/비트채소절임
흑미밥,참치파개장,오징어불고기,"이색전(가지,애호박)*양념장"
타워함박스테이크,크림스프/추가밥,알리오올리오파스타,샐러드*오리엔탈D
흑미밥,짬뽕순두부찌개,꽁치양파조림,취나물볶음
흑미밥,꽃게탕,춘천닭갈비,탕평채
흑미밥,계란파국,고구마치즈돈까스,쫄면채소무침
오리훈제볶음밥,미소장국,샤워크림새우,두부양념조림
흑미밥,감자만두국,등심찹쌀꿔바로우,코다리무조림
폭탄주먹밥,꼬치어묵국,매운떡볶이,순대찜*소금
카레라이스,우동국물,비빔채소만두,포테이토오븐구이
흑미밥,아욱국,묵은지닭볶음탕,콘치즈
흑미밥,두부된장찌개,돈육고추장불고기,채소쌈*쌈장
흑미밥,소고기무국,삼치엿장구이,감자햄조림
계란볶음밥,숙주고기짬뽕,고추잡채,연유꽃빵튀김
쇠고기규동덮밥,미소장국,숯불양념꼬치어묵,오이볶음
청양멸치주먹밥,유부우동국물,비빔칼국수,새우만두*장
흑미밥,오징어무국,치킨까스*소스,연근조림
흑미밥,김치수제비국,갈치조림,녹두빈대떡*장
산채비빔밥,팽이장국,주꾸미볶음,고추튀김*장
흑미밥,감자고추장찌개,언양식바싹불고기,자반고등어구이
흑미밥,냉메밀소바,돈육가지두반장볶음,새우튀김*크림소스
흑미밥,잡채말이어묵국,오리훈제마늘볶음,토마토계란찜
흑미밥,콩가루배추국,아쿠아돈까스,밀떡볶이/허니슈스트링감자
흑미밥,김치두부국,제육간장불고기,감자채카레볶음
흑미밥,육개장,가자미엿장구이,오꼬노미계란말이
흑미밥,미역국,닭볶음탕,돈채표고버섯볶음
흑미밥,유부주머니우동국,새우까스*소스,꽈리고추찹쌀무침
흑미밥,부대찌개,꽁치한마리구이,감자양념조림
흑미밥,얼큰감자국,안동찜닭,옥수수맛살전
흑미밥,열무된장국,우불고기,치커리무침
흑미밥,동태매운탕,궁중떡볶이,해초레몬무침
충무김밥,우동장국,오징어무침,채소튀김*장
흑미밥,소고기무국,삼치구이,마늘쫑메추리알조림
흑미밥,미역국,오징어채소볶음,쪽파김무침
흑미밥,얼갈이된장국,닭간장볶음,라볶이
흑미밥,매운닭개장,소고기계란장조림,타꼬야끼
흑미밥,스팸김치찌개,수제돈까스,수제마늘바게트
흑미밥,콩비지찌개,갈치카레구이,어묵잡채
흑미밥,소고기무국,스팸계란말이,풋고추양파무침
흑미밥,된장찌개,우불고기,어묵볶음
채소라면,김밥,가래떡오븐구이,꽃맛살샐러드
흑미밥,홍합탕,건도토리묵파프리카볶음,연근깨소스무침
흑미밥,근대국,고등어김치찜,두부고기조림
흑미밥,우거지된장국,닭볶음탕,섭산적데리야끼조림
흑미밥,된장찌개,고구마치즈구이,오이생채
흑미밥,콩나물국,돈육김치볶음,꼬시래기무침
흑미밥,매운순대국밥,고추튀김*장,채소스틱
흑미밥,쇠고기무국,시래기삼치조림,계란찜
흑미밥,유부주머니된장국,돈사태떡찜,마카로니치즈범벅
흑미밥,배추된장국,닭간장조림,미더덕콩나물찜
흑미밥,어묵매운탕,등심돈까스,꽁치한마리구이*와사비장
미역국,대패삼겹숙주볶음,연두부계란찜,상추무침
흑미밥,짬뽕국,해물볶음우동,매콤호박볶음
흑미밥,닭개장,삼치구이*데리야끼소스,건도토리묵파프리카볶음
우거지국,김말이강정,김치전,해초무침
흑미밥,고추장찌개,소불고기,진미채무말랭이무침
흑미밥,부대찌개,샤워크림새우,두부조림
흑미밥,아욱국,고르곤졸라피자,참나물초장무침
흑미밥,순두부찌개,제육춘장볶음,오이보트샐러드
애플카레라이스,우동국물,숯불양념꼬치어묵,단무지양념무침
흑미밥,사골옹심이만둣국,스태프핫도그,가자미양념찜
김주먹밥,잔치국수,쇠고기육전,콩나물무침
흑미밥,컵라면&찐계란,순대채소볶음,근대고추장무침
흑미밥,열무된장국,주꾸미채소볶음,햄전&케찹
유부초밥/쌀밥,온모밀국수,돈까스김치나베,양배추샐러드&사우전D
흑미밥,콩나물국,순살닭강정,치즈계란찜
흑미밥,고기짬뽕국,자반고등어찜,시금치나물
오뗄햄김밥,김치어묵탕,백종원의사라다빵,가지나물
흑미밥,닭개장,삼치데리야끼구이,오이양파무침
채소볶음밥,유부장국,자장소스,한식잡채
흑미밥,김칫국,간장마늘치킨,감자채카레볶음
흑미밥,꽃게탕,우불고기볶음,진미채오이무침
흑미밥,계란파국,퀘사디아,갈치무조림
흑미밥,옹심이만둣국,꽁채캔김치조림,감자채전*장
흑미밥,버섯육개장,몽골식돈육볶음&꽃빵,양념깻잎지
흑미밥,매운순대국,오징어굴소스볶음,동그랑땡강정
꼬치어묵매운탕,떡갈비주먹밥/추가밥,채소볶음우동,콘샐러드
흑미밥,부대찌개,생선까스*타르타르소스,김계란말이
흑미밥,쇠고기미역국,방어양념장구이,옥수수계란찜
흑미밥,청양콩나물국,목살스테이크,미나리무침
＜자기,계발의,날＞,
흑미밥,우동국물,치즈닭갈비/계란후라이,깻잎쌈*청양마요소스
추가밥,황태국수,돈수육*쌈장,모둠채소무침
흑미밥,동태탕,감자채파프리카볶음,세발나물무침
마파두부,홍합짬뽕국,샤워크림새우,물만두찜*장
흑미밥,계란파국,묵은지삼겹살찜,궁중떡볶이
흑미밥,맑은콩나물국,이색묵(올방개/클로렐라)*양념장,고구마순볶음
흑미밥,얼갈이된장국,낙지볶음*소면,노가리고추조림
흑미밥,옹심이감자국,치킨까스*데미소스,쇠고기가지조림
김치볶음밥,미소된장국,수제등심찹쌀꿔바로우,계란후라이
흑미밥,부대찌개,해물볶음,메추리알꽈리고추조림
미트볼파스타*추가밥,유부장국,딤섬,브로콜리숙회*초장
흑미밥,컵라면&찐계란,수제오징어튀김,매운떡볶이*순대찜
흑미밥,꼬치어묵매운탕,쇠고기청경채볶음,새송이버섯조림
고추잡채덮밥,손수제비국,자장소스,단무지무침
흑미밥,쇠고기무국,오징어떡볶음,물파래초무침
흑미밥,순두부백탕*양념장,제육간장불고기,매운감자조림
흑미밥,맑은버섯닭개장,참치김치볶음,도토리묵*양념장
팽이장국,계란후라이,도라지초무침,김치볶음
흑미밥,아귀매운탕,돈갈비찜,오이선
유부초밥,들깨미역국,페퍼로니치즈피자,골뱅이채소무침&실곤약
흑미밥,해물까스&타르타르D,느타리버섯볶음,치커리귤무침
흑미밥,부대찌개*라면사리,소고기콜라비조림,코다리강정
미니쌀국수,춘권*칠리소스,계란후라이,양배추비트피클
흑미밥,고기짬뽕국,해물누룽지탕,멸치마늘종조림
흑미밥,고추장찌개,베이컨숙주볶음,상추무침
흑미밥,감자양파국,돈육김치볶음,팽이버섯채소전
흑미밥,옹심이국,쇠고기숙주볶음,야채전
흑미밥,맑은버섯국,순대들깨볶음,가지마파두부
알리오올리오/추가밥,가쓰오장국,수제치킨까스,팽이버섯부추무침
흑미밥,홍합탕,오삼불고기,어묵깻잎전
흑미밥,순두부백탕,닭볶음탕,비빔만두채소무침
흑미밥,배추된장국,낙지미나리볶음,메추리알풋고추조림
흑미밥,북어짬뽕국,만가닥버섯불고기,건새우호박채전
김치볶음밥,미니쫄우동*맛살튀김,브로콜리깨소스무침,계란후라이
흑미밥,쇠고기무국,삼치양념구이,비엔나채소볶음
흑미밥,수제비국,수제맛쵸킹탕수육,유부채소겨자냉채
흑미밥,열무된장국,장어강정*데리야끼소스,깻잎쌈*생강채
잔치국수,수제고기육전,쑥갓나물,양파초절임
