밥,국,메인메뉴
쌀밥/잡곡밥,오징어찌개,쇠불고기
쌀밥/잡곡밥,김치찌개,가자미튀김
카레덮밥,팽이장국,치킨핑거
쌀밥/잡곡밥,쇠고기무국,주꾸미볶음
쌀밥/잡곡밥,떡국,돈육씨앗강정
쌀밥/잡곡밥,시래기국,훈제오리구이
쌀밥/잡곡밥,꽃게탕,돈육굴소스볶음
쌀밥/잡곡밥,시금치국,닭감자조림
쌀밥/잡곡밥,쇠고기무국,탕수어
쌀밥/잡곡밥,냉이된장국,쇠고기장조림
낙지비빔밥,유부장국,고구마치즈구이
쌀밥/잡곡밥,대구찌개,마늘간장치킨
쌀밥/오곡밥,쇠고기느타리국,갈치구이
쌀밥/잡곡밥,콩나물국,돈육간장볶음
비빔밥,팽이장국,소세지피망볶음
쌀밥/잡곡밥,북어계란국,닭갈비
쌀밥/잡곡밥,수제비국,오징어볶음
쌀밥/잡곡밥,얼갈이된장국,제육볶음
쌀밥/잡곡밥,쇠고기미역국,주꾸미볶음
쌀밥/잡곡밥,근대된장국,탕수육
쌀밥/잡곡밥,부대찌개,가자미튀김
쌀밥/잡곡밥,콩나물국,닭갈비
쌀밥/잡곡밥,차돌박이찌개,고등어김치말이
쌀밥/잡곡밥,북어국,돈육장조림
쌀밥/잡곡밥,고추장찌개,닭데리야끼조림
쌀밥/잡곡밥,배추된장국,수제돈가스
쌀밥/잡곡밥,어묵국,돈육고추장볶음
쌀밥/잡곡밥,쑥국,소불고기
곤드레밥,콩나물김치국,미니채소떡갈비
쌀밥/잡곡밥,사골우거지국,탕수어
쌀밥/잡곡밥,시금치국,훈제오리구이
쌀밥/잡곡밥,꽃게탕,버섯불고기
쌀밥/잡곡밥,쇠고기샤브국,코다리강정
콩나물밥*달래장,맑은국,치킨텐더*요거트D
쌀밥/잡곡밥,북어계란국,쇠고기장조림
쌀밥/잡곡밥,닭개장,자반고등어구이
쌀밥/잡곡밥,얼갈이된장국,닭갈비
쌀밥/잡곡밥,옹심이만두국,주꾸미볶음
봄새싹비빔밥,쪽파국,오징어튀김
쌀밥/잡곡밥,매운콩나물국,돈육굴소스볶음
쌀밥/잡곡밥,버섯들깨탕,갈치조림
쌀밥/잡곡밥,순두부찌개,쇠불고기
쌀밥/잡곡밥,북어국,오징어볶음*소면
쌀밥/잡곡밥,올갱이아욱국,제육볶음
쌀밥/잡곡밥,어묵국,매운돼지갈비찜
쌀밥/잡곡밥,배추된장국,순살양념치킨
쌀밥/잡곡밥,시래기국,훈제오리구이
쌀밥/잡곡밥,부대찌개,쇠고기단호박조림
쌀밥/잡곡밥,수제비국,돈육굴소스볶음
쌀밥/잡곡밥,냉이된장찌개,닭데리야끼조림
쌀밥/잡곡밥,배추된장국,돈육강정
쌀밥/잡곡밥,육개장,꽁치한마리구이
콩나물밥,근대된장국,매콤떡갈비조림
쌀밥/잡곡밥,대구매운탕,쇠고기볶음
쌀밥/잡곡밥,북어국,등갈비김치찜
쌀밥/잡곡밥,콩나물국,돈간장불고기
쌀밥/잡곡밥,쇠고기무국,주꾸미볶음
나물비빔밥,미소장국,궁중떡찜
쌀밥/잡곡밥,미역국,양념파닭
쌀밥/잡곡밥,돈육김치찌개,미트볼조림
쌀밥/잡곡밥,시금치국,닭갈비
곤드레밥,무채국,모둠장조림
쌀밥/잡곡밥,쇠고기샤브국,오징어볶음
쌀밥/잡곡밥,매운어묵국,훈제오리구이
쌀밥/잡곡밥,콩나물국,버섯불고기
단호박영양밥,시래기된장국,돈육칠리강정
쌀밥/잡곡밥,오징어국,찜닭
쌀밥/잡곡밥,된장찌개,매운돼지갈비찜
쌀밥/잡곡밥,감자고추장찌개,돈육굴소스볶음
쌀밥/잡곡밥,들깨버섯탕,고등어김치말이
산채비빔밥,미소장국,치킨핑거
쌀밥/잡곡밥,열무된장국,미니채소떡갈비
쌀밥/잡곡밥,순두부찌개,닭오븐구이
쌀밥/잡곡밥,북어콩나물국,쇠고기불고기
쌀밥/잡곡밥,한방갈비탕,꼬지삼색전
낙지볶음밥,미역장국,탕수어
쌀밥/잡곡밥,쇠고기해장국,갈치구이
쌀밥/잡곡밥,배추된장국,닭양념조림
쌀밥/잡곡밥,콩나물김치국,누룽지탕수육
쌀밥/잡곡밥,근대된장국,닭갈비
열무비빔밥,강된장찌개,오징어튀김
쌀밥/잡곡밥,오이미역냉국,모둠장조림
쌀밥/잡곡밥,차돌박이찌개,찜닭
쌀밥/잡곡밥,북어계란국,돈육굴소스볶음
쌀밥/잡곡밥,참치김치찌개,순살깐풍기
쌀밥/잡곡밥,매운콩나물국,돼지갈비찜
쌀밥/잡곡밥,된장찌개,오징어볶음
쌀밥/잡곡밥,북어콩나물국,제육볶음
쌀밥/잡곡밥,배추된장국,닭양념조림
카레덮밥,맑은국,떡갈비조림
쌀밥/잡곡밥,부대찌개,가자미양념찜
쌀밥/잡곡밥,꽃게탕,돈육강정
쌀밥/잡곡밥,어묵국,레몬탕수육
쌀밥/잡곡밥,대구찌개,간장치킨
쌀밥/잡곡밥,시래기국,돈삼겹보쌈
쌀밥/잡곡밥,쇠고기무국,매콤낙지볶음
쌀밥/잡곡밥,도토리묵냉국,목살데리야끼구이
쌀밥/잡곡밥,배추된장국,훈제오리구이
쌀밥/잡곡밥,육개장,고등어구이
쌀밥/잡곡밥,콩나물국,간장돼지갈비찜
쌀밥/잡곡밥,버섯들깨찌개,닭오븐구이
쌀밥/잡곡밥,수제비국,유자청제육볶음
쌀밥/잡곡밥,감자고추장찌개,버섯불고기
쌀밥/잡곡밥,쇠고기미역국,꽁치김치말이찜
곤드레밥,가쯔오장국,닭강정
쌀밥/잡곡밥,된장찌개,갈치조림
쌀밥/잡곡밥,우무묵냉국,갈릭돈까스
쌀밥/잡곡밥,호박잎찌개,돈육굴소스볶음
쌀밥/잡곡밥,건새우아욱국,순살파닭
나물비빔밥,오이냉국,사천식탕수육
쌀밥/잡곡밥,배추된장국,매운주꾸미볶음
쌀밥/잡곡밥,북어계란국,등갈비김치찜
쌀밥/잡곡밥,순두부찌개,돈육떡강정
쌀밥/잡곡밥,시래기국,목살데리야끼
쌀밥/잡곡밥,사골우거지탕,미트볼조림
쌀밥/잡곡밥,우묵콩국,고추장불고기
참치회덮밥,미소장국,고구마치즈구이
쌀밥/잡곡밥,쇠고기미역국,불닭볶음
쌀밥/잡곡밥,청국장찌개,미니채소떡갈비
쌀밥/잡곡밥,시금치국,동파삼겹수육
쌀밥/잡곡밥,꽃게탕,훈제오리냉채
연복풍덮밥,도토리묵냉국,꽁치오븐구이
쌀밥/잡곡밥,부대찌개*라면사리,갈치구이
열무보리비빔밥,팽이장국,꽃맛살볶음
쌀밥/잡곡밥,버섯들깨탕,레몬탕수육
쌀밥/잡곡밥,복숭아미역냉국,닭데리야끼조림
쌀밥/잡곡밥,된장찌개,매콤돼지갈비찜
쌀밥/잡곡밥,호박잎된장국,유자청제육볶음
쌀밥/잡곡밥,콩나물국,미니함박조림
쌀밥/잡곡밥,사과오이냉국,장어강정
쌀밥/잡곡밥,시래기국,삼겹살오븐구이
불고기덮밥,맑은국,새우까스&탈탈소스
쌀밥/잡곡밥,닭곰탕,고등어조림
쌀밥/잡곡밥,대구매운탕,오징어볶음
쌀밥/잡곡밥,열무된장국,갈릭돈가스
단호박영양밥,도토리묵냉국,소고기숙주볶음
쌀밥/잡곡밥,꽃게탕,고추잡채*꽃빵
쌀밥/잡곡밥,배추된장국,칠리탕수육
쌀밥/잡곡밥,해물된장찌개,닭볶음
쌀밥/잡곡밥,육개장,동태무조림
쌀밥/잡곡밥,떡국,마늘치킨
쌀밥/잡곡밥,순두부찌개,소불고기
쌀밥/잡곡밥,버섯매운탕,갈치구이
낙지비빔밥,가쯔오장국,계란말이
쌀밥/잡곡밥,오징어국,목살데리야끼
쌀밥/잡곡밥,시래기된장국,닭찜
쌀밥/잡곡밥,쇠고기샤브국,오징어볶음
쌀밥/잡곡밥,부대찌개,가자미카레튀김
곤드레밥,두부맑은국,돈육떡강정
쌀밥/잡곡밥,된장찌개,오리고추장볶음
쌀밥/잡곡밥,황태맑은국,유린기
쌀밥/잡곡밥,시래기국,닭볶음
쌀밥/잡곡밥,토란국,매운돼지갈비찜
쌀밥/잡곡밥,어묵국,오리훈제고추장볶음
쌀밥/잡곡밥,얼갈이된장국,레몬탕수육
열무비빔밥,팽이장국,너비아니구이
쌀밥/잡곡밥,쇠고기무국,임연수찜
쌀밥/잡곡밥,오징어국,소고기숙주볶음
쌀밥/잡곡밥,아욱된장국,유자청돈육볶음
쌀밥/잡곡밥,느타리버섯국,간장파닭
카레덮밥,맑은국,샐러드파스타
쌀밥/잡곡밥,된장찌개,돈육장조림
쌀밥/잡곡밥,우거지해장국,꽁치한마리구이
쌀밥/잡곡밥,배추된장국,버섯불고기
쌀밥/잡곡밥,차돌박이찌개,매운주꾸미볶음
쌀밥/잡곡밥,미역국,한방소갈비찜
쌀밥/잡곡밥,대구매운탕,표고돈육탕수
쌀밥/잡곡밥,쇠고기샤브국,오징어볶음
쌀밥/잡곡밥,시금치된장국,목살스테이크
산채비빔밥*강된장,팽이버섯국,생선커틀릿
쌀밥/잡곡밥,떡국,마늘치킨
쌀밥/잡곡밥,건새우무국,등갈비김치찜
쌀밥/잡곡밥,미역국,소불고기
쌀밥/잡곡밥,꽃게탕,미트볼칠리조림
쌀밥/잡곡밥,참치김치찌개,유린기
쌀밥/잡곡밥,돈신탕(해장탕),꽁치김치말이
짜장밥,계란국,사천식탕수육
쌀밥/잡곡밥,된장찌개,제육볶음
쌀밥/잡곡밥,육개장,갈치구이
곤드레밥,배추된장국,데리야끼파닭
쌀밥/잡곡밥,동태찌개,돈육장조림
쌀밥/잡곡밥,버섯들깨탕,고등어조림
쌀밥/잡곡밥,근대된장국,쇠고기숙주볶음
쌀밥/잡곡밥,알탕,닭갈비
콩나물밥,가쯔오장국,훈제오리/무쌈
쌀밥/잡곡밥,쇠고기무국,쭈꾸미볶음
쌀밥/잡곡밥,사골우거지탕,명태엿장조림
쌀밥/잡곡밥,오징어국,유자청제육볶음
쌀밥/잡곡밥,차돌박이찌개,순살양념치킨
단호박영양밥,꽃게탕,고추잡채*꽃빵
쌀밥/잡곡밥,김치콩나물국,쇠고기장조림
쌀밥/잡곡밥,아욱된장국,칠리탕수육
쌀밥/잡곡밥,어묵국,소고기버섯볶음
쌀밥/잡곡밥,김치국,닭데리야끼조림
버섯영양밥,조랭이떡미역국,유산슬
쌀밥/잡곡밥,설렁탕,해물김치전
쌀밥/잡곡밥,콩비지찌개,순살깐풍기
쌀밥/잡곡밥,시래기된장국,누룽지탕수육
쌀밥/잡곡밥,대구매운탕,쇠고기숙주볶음
쌀밥/잡곡밥,순두부탕,파닭
쌀밥/잡곡밥,수제비국,짬뽕불고기
카레덮밥,맑은국,통감자오븐구이
쌀밥/잡곡밥,쇠고기느타리국,오징어볶음
쌀밥/잡곡밥,근대국,제육볶음
나물비빔밥,가쯔오장국,치킨핑거*요거트D
쌀밥/잡곡밥,콩나물국,모둠장조림
쌀밥/잡곡밥,떡국,양념찜닭
쌀밥/잡곡밥,순두부찌개,훈제오리구이
쌀밥/잡곡밥,홍합탕,삼겹살오븐구이
짜장밥,유부장국,해물누룽지탕
쌀밥/잡곡밥,아욱국,양념돼지갈비찜
쌀밥/잡곡밥,차돌박이된장찌개,삼치무조림
쌀밥/잡곡밥,콩나물김치국,돈육굴소스볶음
쌀밥/잡곡밥,냉이된장찌개,코다리강정
소불고기덮밥,가쯔오장국,고구마튀김
쌀밥/잡곡밥,콩비지찌개,오리고추장볶음
쌀밥/잡곡밥,쇠고기샤브국,갈치구이
쌀밥/잡곡밥,배추된장국,짬뽕불고기
쌀밥/잡곡밥,콩나물국,고추잡채*꽃빵
쌀밥/잡곡밥,된장찌개,마늘간장치킨
쌀밥/잡곡밥,꽃게탕,쇠고기버섯볶음
쌀밥/잡곡밥,얼갈이국,떡갈비조림
쌀밥/잡곡밥,동태찌개,돈육간장불고기
쌀밥/잡곡밥,열무된장국,닭갈비
콩나물밥,가쯔오장국,미트볼케찹조림
쌀밥/잡곡밥,시래기국,오징어볶음*소면
쌀밥/잡곡밥,순두부찌개,수제돈까스
쌀밥/잡곡밥,사골떡국,쇠고기낙지볶음
쌀밥/잡곡밥,홍합탕,매운동태찜
곤드레밥,황태국,동그랑땡전
쌀밥/잡곡밥,육개장,굴비구이
쌀밥/잡곡밥,된장찌개,레몬탕수육
쌀밥/잡곡밥,콩나물국,동파육
쌀밥/잡곡밥,쇠고기미역국,주꾸미떡볶음
비빔밥,팽이장국,생선까스
쌀밥/잡곡밥,어묵국,매운닭찜
쌀밥/잡곡밥,짬뽕국,미니함박조림
쌀밥/잡곡밥,얼갈이된장국,오징어볶음*소면
쌀밥/잡곡밥,순두부찌개,쇠고기숙주볶음
쌀밥/잡곡밥,아욱국,훈제오리구이
쌀밥/잡곡밥,수제비국,유자청돈육볶음
쌀밥/잡곡밥,닭개장,가자미카레튀김
쌀밥/잡곡밥,냉이콩나물국,닭볶음
쌀밥/잡곡밥,알탕,돈육간장불고기
카레덮밥,맑은국,유린기
쌀밥/잡곡밥,배추된장국,소갈비찜
쌀밥/잡곡밥,미역국,언양식불고기*양파채
쌀밥/잡곡밥,시금치된장국,고추장불고기
쌀밥/잡곡밥,굴김치두부국,스위트칠리미트볼
쌀밥/잡곡밥,콩나물국,소고기낙지볶음
쌀밥/잡곡밥,냉이된장찌개,닭갈비
쌀밥/잡곡밥,대구매운탕,유산슬
콩나물밥,맑은국,닭오븐구이
쌀밥/잡곡밥,배추국,수제돈까스
오곡밥,소고기무국,굴비구이
쌀밥/잡곡밥,쇠고기미역국,제육볶음
쌀밥/잡곡밥,된장찌개,주꾸미볶음
쌀밥/잡곡밥,들깨시래기국,순살파닭
쌀밥/잡곡밥,홍합탕,소불고기
쌀밥/잡곡밥,어묵국,등갈비김치찜
쌀밥/잡곡밥,열무된장국,동파육
쌀밥/잡곡밥,버섯들깨탕,낙지볶음
나물비빔밥,유부장국,생선까스*탈탈소스
쌀밥/잡곡밥,콩나물국,돼지갈비찜
쌀밥/잡곡밥,수제비국,깐풍기
쌀밥/잡곡밥,봄동된장국,훈제오리구이
쌀밥/잡곡밥,사골떡국,언양식불고기
쌀밥/잡곡밥,돈육김치찌개,팝콘치킨*데리마요
카레덮밥,맑은국,미니채소떡갈비
쌀밥/잡곡밥,어묵국,순살닭갈비
쌀밥/잡곡밥,토란탕,돈육칠리강정
곤드레밥*강된장,미소국,오징어볶음
쌀밥/잡곡밥,아욱국,마늘치킨
쌀밥/잡곡밥,얼큰순두부찌개,해물청경채볶음
쌀밥/잡곡밥,오징어국,버섯불고기
쌀밥/잡곡밥,동태찌개,미트볼케찹조림
쌀밥/잡곡밥,근대국,양념찜닭
쌀밥/잡곡밥,옹심이만두국,돈육굴소스볶음
쌀밥/잡곡밥,고추장찌개,치킨커틀렛
쌀밥/잡곡밥,아욱국,콩나물불고기
쌀밥/잡곡밥,냉이된장찌개,쇠고기장조림
쌀밥/잡곡밥,돈육김치찌개,유린기
쌀밥/잡곡밥,콩가루배추국,돼지갈비찜
쌀밥/잡곡밥,대구매운탕,고추잡채*꽃빵
쌀밥/잡곡밥,알탕,소고기숙주볶음
쌀밥/잡곡밥,소고기미역국,주꾸미볶음
봄나물비빔밥,팽이장국,언양식불고기
쌀밥/잡곡밥,북어콩나물국,사천식탕수육
쌀밥/잡곡밥,쇠고기무국(빨갛게),생선커틀렛
쌀밥/잡곡밥,꽃게탕,훈제오리(마늘만)
쌀밥/잡곡밥,된장찌개,쇠불고기
짜장밥,맑은계란국,유산슬
쌀밥/잡곡밥,근대국,마늘치킨
쌀밥/잡곡밥,육개장,미니채소떡갈비
쌀밥/잡곡밥,얼갈이국,쇠고기낙지볶음
쌀밥/잡곡밥,김치찌개,해물누룽지탕
쌀밥/잡곡밥,들깨미역국,삼겹살오븐구이
쌀밥/잡곡밥,황태국,닭데리야끼조림
쌀밥/잡곡밥,쇠고기샤브국,오징어볶음
쌀밥/잡곡밥,된장찌개,돈육굴소스볶음
쌀밥/잡곡밥,들깨시래기국,쇠고기장조림
곤드레밥,맑은국,탕수어
쌀밥/잡곡밥,아욱국,등갈비김치찜
쌀밥/잡곡밥,콩나물김치국,버섯불고기
쌀밥/잡곡밥,부대찌개,언양식불고기
쌀밥/잡곡밥,차돌박이찌개,닭강정
비빔밥,맑은국,오징어튀김
쌀밥/잡곡밥,미역국,매콤함박스테이크
쌀밥/잡곡밥,꽃게찌개,탕수육
쌀밥/잡곡밥,참치김치찌개,훈제오리구이/쌈무
쌀밥/잡곡밥,들깨미역국,닭갈비
쌀밥/잡곡밥,고추장찌개,쇠불고기
쌀밥/잡곡밥,된장찌개,제육볶음
쌀밥/잡곡밥,콩가루배추국,낙지볶음
쌀밥/잡곡밥,옹심이만두떡국,유린기
쌀밥/잡곡밥,콩비지찌개,돈육꽈리고추볶음
쌀밥/잡곡밥,쇠고기샤브국,오징어볶음
쌀밥/잡곡밥,열무된장국,쇠고기장조림
쌀밥/잡곡밥,부대찌개,굴비구이
쌀밥/잡곡밥,새우살미역국,순살양념치킨
쌀밥/잡곡밥,시금치된장국,제육볶음
쌀밥/잡곡밥,소고기국,간장찜닭
콩나물밥,김치국,고등어구이
쌀밥/잡곡밥,들깨시래기국,오리불고기
쌀밥/잡곡밥,콩나물국,주꾸미떡볶음
쌀밥/잡곡밥,황태국,소불고기
쌀밥/잡곡밥,얼갈이된장국,동파삼겹수육
열무보리비빔밥,가쯔오장국,탕수만두
쌀밥/잡곡밥,오이냉국,등갈비김치찜
쌀밥/잡곡밥,돈육김치찌개,삼치된장구이
쌀밥/잡곡밥,근대국,돈육굴소스볶음
쌀밥/잡곡밥,콩나물국,훈제오리구이
쌀밥/잡곡밥,얼갈이된장국,미니채소떡갈비
쌀밥/잡곡밥,호박잎된장찌개,깐풍기
쌀밥/잡곡밥,연두부탕,쇠고기숙주볶음
쌀밥/잡곡밥,도토리묵냉국,쭈꾸미볶음
곤드레밥*강된장,가쯔오장국,치킨핑거
쌀밥/잡곡밥,쇠고기샤브국,갈치구이
쌀밥/잡곡밥,아욱된장국,삼겹살구이
쌀밥/잡곡밥,들깨시래기국,유자청제육볶음
쌀밥/잡곡밥,오이지냉국,고등어김치말이
카레라이스,유부주머니국,언양식불고기
쌀밥/잡곡밥,쇠고기미역국,해물누룽지탕
쌀밥/잡곡밥,나가사끼짬뽕국,닭갈비
쌀밥/잡곡밥,차돌박이찌개,훈제오리고추장볶음
쌀밥/잡곡밥,북어콩나물국,오징어볶음
콩나물밥,얼갈이된장국,삼치구이
쌀밥/잡곡밥,우무묵냉국,갈릭돈까스
쌀밥/잡곡밥,꼬지어묵탕,매운닭찜
쌀밥/잡곡밥,콩나물국,짬뽕불고기
쌀밥/잡곡밥,배추된장국,낙지볶음
짜장덮밥,계란국,유산슬
쌀밥/잡곡밥,아욱된장국,등갈비김치찜
쌀밥/잡곡밥,오이냉국,유린기
쌀밥/잡곡밥,콩나물국,버섯불고기
쌀밥/잡곡밥,어묵국,주꾸미떡볶음
<초복특식>,삼계탕,찹쌀밥
쌀밥/잡곡밥,근대국,돼지갈비찜
쌀밥/잡곡밥,부대찌개,갈치조림
쌀밥/잡곡밥,무채국,돈육고추장볶음
쌀밥/잡곡밥,열무된장국,간장찜닭
김치제육덮밥,맑은국,양장피잡채
쌀밥/잡곡밥,소고기매운무국,오징어굴소스볶음
쌀밥/잡곡밥,닭곰탕,미트볼케찹조림
쌀밥/잡곡밥,어묵탕,콩나물불고기
쌀밥/잡곡밥,된장찌개,가자미카레튀김
나물비빔밥,미소장국,파스타샐러드
쌀밥/잡곡밥,콩나물냉국,순살파닭
쌀밥/잡곡밥,쇠고기샤브국,주꾸미떡볶음
쌀밥/잡곡밥,연두부탕,쇠고기숙주볶음
쌀밥/잡곡밥,부대찌개,해물누룽지탕
쌀밥/잡곡밥,꽃게탕,미니채소떡갈비
쌀밥/잡곡밥,오이미역냉국,닭오븐구이
쌀밥/잡곡밥,콩나물국,제육볶음
쌀밥/잡곡밥,어묵국,쇠고기낙지볶음
쌀밥/잡곡밥,미역국,닭갈비
쌀밥/잡곡밥,도토리묵냉국,수제돈까스
쌀밥/잡곡밥,돈육김치찌개,갈치구이
쌀밥/잡곡밥,고추장찌개,돈육보쌈
쌀밥/잡곡밥,된장찌개,짬뽕불고기
쌀밥/잡곡밥,쇠고기무국,오징어볶음*소면
쌀밥/잡곡밥,들깨시래기국,매운닭찜
짜장밥,맑은국,해물까스*칠리소스
쌀밥/잡곡밥,조랭이떡미역국,소고기불고기
쌀밥/잡곡밥,해물된장찌개,표고버섯탕수육
곤드레밥*강된장,가쯔오장국,가자미양념찜
쌀밥/잡곡밥,쇠고기샤브국,주꾸미굴소스볶음
쌀밥/잡곡밥,알탕,미트볼케찹조림
쌀밥/잡곡밥,콩나물국,돈육간장불고기
쌀밥/잡곡밥,배추된장국,닭갈비
산채비빔밥,미소장국,언양식불고기
쌀밥/잡곡밥,육개장,굴비구이
쌀밥/잡곡밥,시래기국,훈제오리구이
쌀밥/잡곡밥,북어국,버섯불고기
쌀밥/잡곡밥,연두부탕,등갈비김치찜
쌀밥/잡곡밥,꽃게탕,마늘치킨
쌀밥/잡곡밥,쇠고기미역국,오징어볶음*소면
쌀밥/잡곡밥,열무된장국,동파육
쌀밥/잡곡밥,시래기된장국,유자청제육볶음
쌀밥/잡곡밥,차돌박이찌개,해물누룽지탕
카레라이스,미소장국,떡갈비조림
쌀밥/잡곡밥,고사리육개장,닭찜
쌀밥/잡곡밥,참치김치찌개,단호박장조림
쌀밥/잡곡밥,해물순두부찌개,언양식불고기
쌀밥/잡곡밥,들깨버섯국,소고기낙지볶음
콩나물밥,가쯔오국,감자프리타타
쌀밥/잡곡밥,쇠고기샤브국,꽁치구이
쌀밥/잡곡밥,콩가루배추국,순살양념치킨
쌀밥/잡곡밥,근대국,짬뽕불고기
쌀밥/잡곡밥,시래기들깨탕,닭갈비
쌀밥/잡곡밥,콩나물국,삼겹살구이
쌀밥/잡곡밥,차돌박이찌개,매운주꾸미볶음
쌀밥/잡곡밥,미역국,쇠불고기/잡채
쌀밥/잡곡밥,아욱국,훈제오리구이
쌀밥/잡곡밥,고추장찌개,레몬탕수육
쌀밥/잡곡밥,해물된장찌개,닭찜
쌀밥/잡곡밥,쇠고기무국,오징어볶음*소면
쌀밥/잡곡밥,차돌박이찌개,제육볶음
쌀밥/잡곡밥,근대국,고등어조림
쌀밥/잡곡밥,민물새우찌개,수제돈가스
쌀밥/잡곡밥,새알미역국,유린기
쌀밥/잡곡밥,쇠고기매운버섯국,해물청경채볶음
쌀밥/잡곡밥,콩나물국,버섯불고기
쌀밥/잡곡밥,배추된장국,쭈꾸미볶음
곤드레밥*강된장,가쯔오장국,갈치조림
쌀밥/잡곡밥,육개장,치킨핑거
쌀밥/잡곡밥,시금치국,돼지갈비찜
쌀밥/잡곡밥,들깨시래기국,닭갈비
쌀밥/잡곡밥,근대국,돈삼겹보쌈
카레덮밥,맑은국,개성감자만두
쌀밥/잡곡밥,사골떡국,오징어볶음
쌀밥/잡곡밥,된장찌개,누룽지탕수육
쌀밥/잡곡밥,콩가루배추국,짬뽕불고기
쌀밥/잡곡밥,오징어국,수제돈까스
콩나물밥,미역장국,언양식불고기
쌀밥/잡곡밥,해물된장찌개,매운닭찜
쌀밥/잡곡밥,올갱이아욱국,등갈비김치찜
쌀밥/잡곡밥,시금치국,소고기불고기
쌀밥/잡곡밥,새알미역국,돼지갈비찜
곤드레밥*간장양념,청양된장찌개,굴비구이
쌀밥/잡곡밥,북어계란국,찜닭
쌀밥/잡곡밥,콩비지찌개,미니채소떡갈비
쌀밥/잡곡밥,차돌박이찌개,오징어볶음
쌀밥/잡곡밥,어묵국,순살파닭
단호박영양밥,가쯔오장국,돈육칠리강정
쌀밥/잡곡밥,쇠고기무국,갈치구이
쌀밥/잡곡밥,꽃게탕,돈육굴소스볶음
쌀밥/잡곡밥,아욱국,버섯불고기
쌀밥/잡곡밥,연두부탕,사천식탕수육
나물비빔밥,미소장국,코다리조림
쌀밥/잡곡밥,들깨시래기국,제육볶음
쌀밥/잡곡밥,동태탕,찜닭
쌀밥/잡곡밥,들깨무채국,돈육피망볶음
쌀밥/잡곡밥,소고기된장찌개,낙지볶음
콩나물밥,유부주머니국,생선까스&탈탈소스
쌀밥/잡곡밥,봄동된장국,닭볶음탕
쌀밥/잡곡밥,부대찌개,미트볼케찹조림
쌀밥/잡곡밥,해물된장찌개,돈육굴소스볶음
쌀밥/잡곡밥,차돌박이찌개,해물누룽지탕
카레라이스,미소장국,떡갈비조림
쌀밥/잡곡밥,우거지해장국,명태코다리조림
쌀밥/잡곡밥,들깨시래기국,표고버섯탕수육
쌀밥/잡곡밥,오징어국,버섯불고기
쌀밥/잡곡밥,달래된장국,주꾸미볶음
쌀밥/잡곡밥,민물새우찌개,동파육
쌀밥/잡곡밥,순두부찌개,훈제오리구이
쌀밥/잡곡밥,콩나물국,간장마늘치킨
쌀밥/잡곡밥,꽃게탕,언양식불고기
쌀밥/잡곡밥,쇠고기미역국,오징어볶음
쌀밥/잡곡밥,아욱된장국,돼지갈비찜
쌀밥/잡곡밥,어묵국,닭볶음탕
쌀밥/잡곡밥,사골떡국,한방소갈비찜
곤드레밥*간장양념,청량된장찌개,굴비구이
쌀밥/잡곡밥,콩가루배추국,제육볶음
쌀밥/잡곡밥,부대찌개,깐풍기
쌀밥/잡곡밥,황태국,소불고기
쌀밥/잡곡밥,근대국,양파치킨
콩나물밥,맑은국,고추잡채*꽃빵
쌀밥/잡곡밥,봄동된장국,오징어돈육볶음
쌀밥/잡곡밥,차돌박이찌개,명태코다리강정
쌀밥/잡곡밥,아욱국,유자청제육볶음
쌀밥/잡곡밥,꽃게탕,미니채소떡갈비
나물비빔밥,가쯔오장국,치킨핑거
쌀밥/잡곡밥,된장찌개,쇠고기장조림
쌀밥/잡곡밥,육개장,탕수어
쌀밥/잡곡밥,북어국,쇠고기숙주볶음
쌀밥/잡곡밥,시금치된장국,오징어볶음
짜장덮밥,맑은국,과일탕수육
쌀밥/잡곡밥,김치콩나물국,돈육굴소스볶음
쌀밥/잡곡밥,연두부탕,순살파닭
쌀밥/잡곡밥,봄동된장국,가래떡돼지갈비찜
쌀밥/잡곡밥,어묵국,닭볶음
김치제육덮밥,미소장국,양장피잡채
쌀밥/잡곡밥,닭곰탕,매콤미니함박
쌀밥/잡곡밥,차돌박이찌개,표고버섯탕수육
쌀밥/잡곡밥,순두부찌개,돈육볶음
쌀밥/잡곡밥,해물된장찌개,쇠고기장조림
콩나물밥,유부주머니국,언양식불고기
쌀밥/잡곡밥,열무된장국,동파삼겹수육
쌀밥/잡곡밥,부대찌개,해물청경채볶음
쌀밥/잡곡밥,차돌박이찌개,닭갈비
쌀밥/잡곡밥,아욱된장국,사천식탕수육
쌀밥/잡곡밥,떡국,버섯불고기
쌀밥/잡곡밥,들깨미역국,훈제오리구이
쌀밥/잡곡밥,배추된장국,짬뽕불고기
카레덮밥,맑은국,고구마치즈구이
쌀밥/잡곡밥,콩나물국,마늘치킨
쌀밥/잡곡밥,시금치된장국,등갈비김치찜
쌀밥/잡곡밥,황태국,소고기숙주볶음
쌀밥/잡곡밥,아욱된장국,돼지갈비찜
곤드레밥*강된장,어묵국,치킨핑거*요거트소스
쌀밥/오곡밥,차돌박이된장찌개,조기구이
쌀밥/잡곡밥,해물순두부찌개,소고기장조림
쌀밥/잡곡밥,근대된장국,닭강정
콩나물밥,가쯔오국,삼치구이
쌀밥/잡곡밥,홍합탕,오리불고기
쌀밥/잡곡밥,쇠고기샤브국,주꾸미볶음
쌀밥/잡곡밥,배추된장국,버섯불고기
쌀밥/잡곡밥,쇠고기무국,미트볼케찹조림
쌀밥/잡곡밥,시금치된장국,탕수어
쌀밥/잡곡밥,동태탕,닭데리야끼조림
쌀밥/잡곡밥,얼갈이국,오징어볶음
쌀밥/잡곡밥,어묵국,돈육간장볶음
쌀밥/잡곡밥,된장찌개,해물누룽지탕
쌀밥/잡곡밥,쇠고기미역국,닭볶음탕
쌀밥/잡곡밥,우거지해장국,코다리강정
쌀밥/잡곡밥,열무된장국,수제돈까스
쌀밥/잡곡밥,차돌박이찌개,닭갈비
쌀밥/잡곡밥,콩나물국,등갈비김치찜
단호박카레라이스,유부장국,유린기
쌀밥/잡곡밥,얼큰소고기국,고추잡채*꽃빵
쌀밥/잡곡밥,참치김치찌개,주꾸미볶음
쌀밥/잡곡밥,들깨버섯국,소고기낙지볶음
쌀밥/잡곡밥,동태매운탕,언양식불고기
곤드레밥*강된장,가쯔오장국,닭오븐구이
쌀밥/잡곡밥,쑥된장국,류산슬
쌀밥/잡곡밥,수제비국,양념치킨
쌀밥/잡곡밥,콩나물국,제육볶음
쌀밥/잡곡밥,민물새우찌개,소고기장조림
쌀밥/잡곡밥,아욱국,오징어볶음
쌀밥/잡곡밥,순두부찌개,코다리양념조림
쌀밥/잡곡밥,근대국,안동찜닭
쌀밥/잡곡밥,배추된장국,짬뽕불고기
쌀밥/잡곡밥,무채국,훈제오리구이
콩나물밥,열무된장국,치킨핑거
쌀밥/잡곡밥,알탕,돈육간장볶음
쌀밥/잡곡밥,돈육김치찌개,가자미카레튀김
쌀밥/잡곡밥,콩나물국,류산슬
쌀밥/잡곡밥,쇠고기미역국,깐풍기
비빔밥,유부장국,오징어튀김
쌀밥/잡곡밥,시래기국,닭매운찜
쌀밥/잡곡밥,순두부찌개,삼겹살구이
쌀밥/잡곡밥,어묵국,닭데리야끼조림
김치제육덮밥,유부장국,양장피잡채
쌀밥/잡곡밥,도토리묵냉국,수제돈까스*칠리소스
쌀밥/잡곡밥,무청된장국,콩나물제육볶음
쌀밥/잡곡밥,배추된장국,버섯불고기
쌀밥/잡곡밥,돈육김치찌개,탕수어
쌀밥/잡곡밥,근대국,돈육굴소스볶음
쌀밥/잡곡밥,소고기무국,오징어볶음
쌀밥/잡곡밥,시금치된장국,훈제오리구이
쌀밥/잡곡밥,얼갈이된장국,등갈비김치찜
카레덮밥,맑은국,고구마치즈구이
쌀밥/잡곡밥,콩나물국,닭볶음탕
쌀밥/잡곡밥,차돌박이된장찌개,주꾸미볶음
쌀밥/잡곡밥,시래기들깨탕,짬뽕불고기
곤드레밥*강된장,얼갈이된장국,마늘치킨
쌀밥/잡곡밥,조랭이떡국,돼지갈비찜
쌀밥/잡곡밥,사과오이냉국,꽁치오븐구이
쌀밥/잡곡밥,미역국,제육볶음
쌀밥/잡곡밥,김치찌개,해물청경채볶음
콩나물밥,유부장국,수제돈가스
쌀밥/잡곡밥,오징어국,동파삼겹수육
쌀밥/잡곡밥,우거지해장국,치킨핑거
쌀밥/잡곡밥,콩나물국,돈육간장볶음
쌀밥/잡곡밥,된장찌개,닭갈비
쌀밥/잡곡밥,순두부찌개,고추잡채*꽃빵
쌀밥/잡곡밥,대구매운탕,완자전
쌀밥/잡곡밥,배추된장국,버섯불고기
쌀밥/잡곡밥,육개장,고등어김치말이
쌀밥/잡곡밥,근대국,순살파닭
쌀밥/잡곡밥,부대찌개,오징어볶음
쌀밥/잡곡밥,미역국,훈제오리구이
쌀밥/잡곡밥,꽃게탕,삼치데리야끼
열무비빔밥,팽이장국,미니채소떡갈비
쌀밥/잡곡밥,오이냉국,짬뽕불고기
쌀밥/잡곡밥,닭개장,코다리강정
쌀밥/잡곡밥,어묵국,닭갈비
쌀밥/잡곡밥,돈육김치찌개,류산슬
카레덮밥,가쯔오장국,깐풍육
쌀밥/잡곡밥,들깨버섯국,매운돼지갈비찜
쌀밥/잡곡밥,육개장,동태무조림
쌀밥/잡곡밥,콩나물국,유자청제육볶음
쌀밥/잡곡밥,아욱국,소고기장조림
곤드레밥*양념장,맑은국,탕수어
쌀밥/잡곡밥,근대국,닭볶음탕
쌀밥/잡곡밥,도토리묵냉국,동파삼겹수육
쌀밥/잡곡밥,고추장찌개,돈육굴소스볶음
쌀밥/잡곡밥,쇠고기매운국,훈제오리구이
나물비빔밥,미소장국,오징어튀김
쌀밥/잡곡밥,호박잎된장찌개,깐풍기
쌀밥/잡곡밥,어묵국,등갈비김치찜
쌀밥/잡곡밥,된장찌개,소불고기
삼계탕,찹쌀밥,생야채
콩나물밥,유부장국,해물까스*칠리소스
쌀밥/잡곡밥,해물순두부찌개,안동찜닭
쌀밥/잡곡밥,우무콩국,유자청제육볶음
쌀밥/잡곡밥,어묵국,돈육굴소스볶음
쌀밥/잡곡밥,우거지해장국,삼치양념구이
쌀밥/잡곡밥,쇠고기샤브국,유린기
쌀밥/잡곡밥,오이지냉국,매운돼지갈비찜
쌀밥/잡곡밥,닭곰탕,주꾸미떡볶음
쌀밥/잡곡밥,근대국,닭갈비
쌀밥/잡곡밥,콩나물국,짬뽕불고기
카레덮밥,가쯔오장국,떡갈비조림
쌀밥/잡곡밥,돈육김치찌개,갈치양념조림
쌀밥/잡곡밥,연두부탕,닭오븐구이
쌀밥/잡곡밥,콩나물김치국,소불고기
쌀밥/잡곡밥,얼갈이된장국,오징어볶음
열무보리비빔밥,맑은국,깐풍육
쌀밥/잡곡밥,미역오이냉국,돈육장조림
쌀밥/잡곡밥,된장찌개,굴비구이
쌀밥/잡곡밥,들깨버섯국,제육볶음
쌀밥/잡곡밥,차돌박이된장찌개,해물누룽지탕
쌀밥/잡곡밥,닭개장,동태포전
쌀밥/잡곡밥,알탕,쇠고기단호박조림
쌀밥/잡곡밥,시금치된장국,훈제오리구이
쌀밥/잡곡밥,미역국,소고기불고기
비빔밥,미소장국,해물까스
쌀밥/잡곡밥,된장찌개,꽁치레몬구이
쌀밥/잡곡밥,우무묵냉국,마늘치킨
쌀밥/잡곡밥,배추된장국,돈육간장불고기
쌀밥/잡곡밥,쇠고기샤브국,탕수어
콩나물밥,팽이장국,치킨핑거
쌀밥/잡곡밥,근대국,모듬장조림
쌀밥/잡곡밥,조랭이떡국,소고기낙지볶음
쌀밥/잡곡밥,콩나물국,버섯불고기
쌀밥/잡곡밥,들깨시래기국,동파삼겹수육
김치제육덮밥,맑은국,샐러드파스타
쌀밥/잡곡밥,꽃게탕,간장찜닭
쌀밥/잡곡밥,미역국,매운주꾸미볶음
쌀밥/잡곡밥,연두부국,돈육고추장불고기
쌀밥/잡곡밥,쇠고기미역국,닭매운찜
소불고기덮밥,가쯔오장국,오징어튀김
쌀밥/잡곡밥,시래기국,등갈비김치찜
쌀밥/잡곡밥,고추장찌개,언양식불고기
쌀밥/잡곡밥,어묵국,돈육굴소스볶음
쌀밥/잡곡밥,닭개장,류산슬
카레덮밥,유부장국,감자프리타타
쌀밥/잡곡밥,꽃게탕,소고기장조림
쌀밥/잡곡밥,아욱된장국,돼지갈비찜/잡채
쌀밥/잡곡밥,어묵탕,돈육고추장불고기
곤드레밥*강된장,맑은국,돈육강정
쌀밥/잡곡밥,들깨버섯국,오징어볶음
쌀밥/잡곡밥,설렁탕,김치전
쌀밥/잡곡밥,열무된장국,버섯불고기
쌀밥/잡곡밥,매운소고기무국,조기구이
콩나물밥,유부장국,생선가스*칠리소스
쌀밥/잡곡밥,감자국,김치제육볶음
쌀밥/잡곡밥,오징어국,닭갈비
쌀밥/잡곡밥,고추장찌개,돈육간장불고기
쌀밥/잡곡밥,콩비지찌개,닭볶음탕
쌀밥/잡곡밥,콩나물국,등갈비김치찜
쌀밥/잡곡밥,얼갈이국,쇠고기낙지볶음
쌀밥/잡곡밥,근대국,오징어볶음
쌀밥/잡곡밥,황태국,소불고기
쌀밥/잡곡밥,어묵국,동파삼겹수육
쌀밥/잡곡밥,콩나물국,수제돈가스
쌀밥/잡곡밥,시래기국,마늘간장치킨
쌀밥/잡곡밥,배추된장국,훈제오리구이
쌀밥/잡곡밥,쇠고기샤브국,오징어볶음
쌀밥/잡곡밥,매운콩나물국,닭데리야끼구이
곤드레밥*강된장,맑은국,사천식탕수육
쌀밥/잡곡밥,미역국,닭갈비
쌀밥/잡곡밥,육개장,고등어구이
쌀밥/잡곡밥,순두부찌개,소고기불고기
쌀밥/잡곡밥,청국장찌개,돈육강정
콩나물밥*양념장,팽이장국,치킨핑거*요거트드레싱
쌀밥/잡곡밥,아욱국,유자청제육볶음
쌀밥/잡곡밥,알탕,언양식불고기
쌀밥/잡곡밥,꽃게탕,돈육굴소스볶음
쌀밥/잡곡밥,들깨시래기국,주꾸미볶음
카레덮밥,맑은국,새우까스*탈탈소스
쌀밥/잡곡밥,콩나물국,닭볶음탕
쌀밥/잡곡밥,근대국,버섯불고기
쌀밥/잡곡밥,얼갈이국,닭갈비
쌀밥/잡곡밥,배추된장국,짬뽕불고기
나물비빔밥,가쯔오장국,오징어튀김
쌀밥/잡곡밥,두부김치국,레몬탕수육
쌀밥/잡곡밥,매운버섯국,해물누룽지탕
쌀밥/잡곡밥,미역국,쇠고기낙지볶음
쌀밥/잡곡밥,차돌박이찌개,유린기
단호박영양밥,유부장국,언양식불고기
쌀밥/잡곡밥,콩나물국,오리불고기
쌀밥/잡곡밥,떡만두국,쇠고기모듬장조림
쌀밥/잡곡밥,아욱국,제육볶음
쌀밥/잡곡밥,시금치국,등갈비김치찜
콩나물밥*양념장,가쯔오국,가자미튀김
쌀밥/잡곡밥,매운어묵국,동파삼겹수육
쌀밥/잡곡밥,동태찌개,치즈함박스테이크
쌀밥/잡곡밥,콩나물국,짬뽕불고기
쌀밥/잡곡밥,연두부탕,닭볶음탕
곤드레밥*강된장,팽이장국,탕수어
쌀밥/잡곡밥,근대국,돼지갈비찜
쌀밥/잡곡밥,닭개장,갈치양념조림
쌀밥/잡곡밥,열무된장국,훈제오리구이
쌀밥/잡곡밥,아욱국,돈육굴소스볶음
쌀밥/잡곡밥,순두부찌개,오징어볶음
쌀밥/잡곡밥,고추장찌개,버섯불고기
쌀밥/잡곡밥,콩나물국,돈육고추장불고기
쌀밥/잡곡밥,떡국,소갈비찜
쌀밥/잡곡밥,차돌박이찌개,안동찜닭
쌀밥/잡곡밥,두부김치국,언양식불고기
쌀밥/잡곡밥,시래기국,쇠고기숙주볶음
쌀밥/잡곡밥,콩나물국,치즈함박스테이크
비빔밥,맑은국,치킨핑거*요거트소스
쌀밥/잡곡밥,육개장,탕수육
쌀밥/잡곡밥,꽃게탕,고추잡채*꽃빵
쌀밥/잡곡밥,알탕,돈육굴소스볶음
쌀밥/잡곡밥,어묵국,등갈비김치말이
짜장덮밥,맑은국,유산슬
쌀밥/잡곡밥,봄동된장국,쇠고기낙지볶음
쌀밥/잡곡밥,콩나물김치국,순살파닭
쌀밥/잡곡밥,고추장찌개,버섯불고기
쌀밥/잡곡밥,배추된장국,닭볶음탕
콩나물밥,맑은국,생선까스*탈탈소스
쌀밥/잡곡밥,얼갈이국,누룽지탕수육
쌀밥/잡곡밥,수제비국,짬뽕불고기
쌀밥/잡곡밥,된장찌개,김치제육볶음
쌀밥/잡곡밥,새알만두국,양파치킨
카레덮밥,유부장국,새우까스*칠리소스
쌀밥/잡곡밥,청국장찌개,갈치구이
쌀밥/잡곡밥,시금치국,동파삼겹수육
쌀밥/잡곡밥,열무된장국,훈제오리구이
쌀밥/잡곡밥,황태국,제육볶음
쌀밥/잡곡밥,어묵국,소불고기
쌀밥/잡곡밥,순두부찌개,돈육장조림
낙지비빔밥,맑은국,메추리알조림
쌀밥/잡곡밥,꽃게탕,미니채소떡갈비
쌀밥/잡곡밥,봄동된장국,오징어볶음
쌀밥/잡곡밥,콩비지찌개,치즈함박스테이크
쌀밥/오곡밥,차돌박이찌개,굴비구이
곤드레밥*양념장,맑은국,치킨핑거
쌀밥/잡곡밥,아욱국,돼지갈비찜
쌀밥/잡곡밥,돈육김치찌개,언양식불고기
쌀밥/잡곡밥,고추장찌개,버섯불고기
쌀밥/잡곡밥,쇠고기미역국,미트볼칠리조림
비빔밥,유부장국,오징어튀김
쌀밥/잡곡밥,콩가루배추된장국,돈삼겹보쌈
쌀밥/잡곡밥,해물된장찌개,돈육간장불고기
쌀밥/잡곡밥,육개장,고추잡채*꽃빵
콩나물밥,미역장국,코다리강정
쌀밥/잡곡밥,북어해장국,소고기낙지볶음
쌀밥/잡곡밥,차돌박이찌개,해물누룽지탕
쌀밥/잡곡밥,어묵국,쇠고기숙주볶음
쌀밥/잡곡밥,쑥국,안동찜닭
카레덮밥,가쯔오장국,고구마치즈구이
쌀밥/잡곡밥,우거지해장국,갈치구이
쌀밥/잡곡밥,열무된장국,등갈비김치찜
쌀밥/잡곡밥,콩나물국,버섯불고기
쌀밥/잡곡밥,아욱국,동파육
김치제육덮밥,맑은국,야채튀김
쌀밥/잡곡밥,미역국,한방소갈비찜
쌀밥/잡곡밥,해물된장찌개,돈육굴소스볶음
쌀밥/잡곡밥,꽃게탕,소고기장조림
쌀밥/잡곡밥,무채국,제육볶음
단호박영양밥,가쯔오장국,돈육칠리강정
쌀밥/잡곡밥,어묵탕,매운돼지갈비찜
쌀밥/잡곡밥,알탕,미니함박조림
쌀밥/잡곡밥,황태국,소고기숙주볶음
쌀밥/잡곡밥,연두부탕,오징어볶음
곤드레밥*강된장,들깨시래기국,순대볶음
쌀밥/잡곡밥,돈육김치찌개,안동찜닭
쌀밥/잡곡밥,조랭이떡미역국,짬뽕불고기
쌀밥/잡곡밥,된장찌개,유자청돈육볶음
쌀밥/잡곡밥,순두부찌개,주꾸미볶음
나물비빔밥,가쯔오장국,오징어튀김
쌀밥/잡곡밥,콩나물국,수제돈까스
쌀밥/잡곡밥,아욱국,닭오븐구이
쌀밥/잡곡밥,매운어묵국,버섯불고기
쌀밥/잡곡밥,열무된장국,닭볶음탕
쌀밥/잡곡밥,떡국,오징어볶음
쌀밥/잡곡밥,매운버섯국,미트볼케찹조림
짜장덮밥,맑은국,사천식탕수육
쌀밥/잡곡밥,들깨시래기국,유자청돈육볶음
쌀밥/잡곡밥,된장찌개,쇠고기장조림
카레라이스,미소장국,언양식불고기
쌀밥/잡곡밥,두부김치국,해물누룽지탕
쌀밥/잡곡밥,미역국,돈육간장강정
쌀밥/잡곡밥,김치콩나물국,버섯불고기
쌀밥/잡곡밥,소고기샤브국,오징어볶음
쌀밥/잡곡밥,해물된장찌개,안동찜닭
쌀밥/잡곡밥,순두부찌개,미니채소떡갈비
쌀밥/잡곡밥,어묵국,훈제오리구이
콩나물밥,가쯔오장국,치킨핑거/요거트D
쌀밥/잡곡밥,근대국,보쌈
쌀밥/잡곡밥,참치김치찌개,소고기장조림
쌀밥/잡곡밥,아욱국,제육볶음
쌀밥/잡곡밥,차돌된장찌개,해물청경채볶음
산채비빔밥,가쯔오장국,치킨너겟*머스타드
쌀밥/잡곡밥,연두부탕,돼지갈비찜
쌀밥/잡곡밥,버섯매운탕,탕수어
쌀밥/잡곡밥,된장찌개,소고기숙주나물볶음
쌀밥/잡곡밥,해물순두부찌개,수원왕갈비통닭
쌀밥/잡곡밥,꽃게탕,새송이떡갈비구이
쌀밥/잡곡밥,소고기국,가자미튀김
낙지비빔밥,콩나물국,부추전
쌀밥/잡곡밥,북어국,돈육콩나물불고기
쌀밥/잡곡밥,오징어국,안동찜닭
쌀밥/잡곡밥,배추된장국,수제돈가스
쌀밥/잡곡밥,육개장,고등어구이
봄나물비빔밥,맑은국,함박스테이크
쌀밥/잡곡밥,콩나물국,짬뽕불고기
쌀밥/잡곡밥,아욱국,등갈비김치찜
곤드레밥*양념장,맑은국,코다리조림
쌀밥/잡곡밥,고추장찌개,언양식불고기
쌀밥/잡곡밥,매운어묵국,소불고기
쌀밥/잡곡밥,부대찌개,오징어볶음
김치제육덮밥,맑은국,사과고구마그라탕
쌀밥/잡곡밥,옹심이만두국,닭볶음탕
쌀밥/잡곡밥,오이냉국,사천식탕수육
쌀밥/잡곡밥,열무된장국,돼지고기유자청볶음
쌀밥/잡곡밥,북어해장국,매운돼지갈비찜
짜장덮밥,맑은국,깐풍기
쌀밥/잡곡밥,감자국,주꾸미볶음
쌀밥/잡곡밥,청국장찌개,소고기장조림
쌀밥/잡곡밥,어묵국,소불고기
쌀밥/잡곡밥,참치김치찌개,돈육장조림
카레덮밥,가쯔오장국,고구마치즈구이
쌀밥/잡곡밥,소고기미역국,양념치킨
콩나물밥*양념장,팽이장국,치킨핑거*요거트드레싱
쌀밥/잡곡밥,순두부찌개,치즈함박스테이크
쌀밥/잡곡밥,사과오이냉국,쇠고기낙지볶음
마파두부덮밥,맑은국,치킨너겟
쌀밥/잡곡밥,열무된장국,짬뽕불고기
쌀밥/잡곡밥,김치두부국,훈제오리구이
쌀밥/잡곡밥,오징어국,버섯불고기
쌀밥/잡곡밥,시래기국,닭볶음탕
열무보리비빔밥,가쯔오장국,깐풍육
쌀밥/잡곡밥,근대국,삼겹보쌈
<초복특식>,삼계탕,찹쌀밥
쌀밥/잡곡밥,차돌박이찌개,돈육굴소스볶음
쌀밥/잡곡밥,북어계란국,닭갈비
산채비빔밥,미소장국,야채튀김
쌀밥/잡곡밥,돈육김치찌개,미니채소떡갈비
쌀밥/잡곡밥,소고기무국,갈치구이
쌀밥/잡곡밥,매운어묵국,소고기숙주볶음
쌀밥/잡곡밥,시금치된장국,등갈비김치찜
카레라이스,가쯔오국,갈비통통만두
쌀밥/잡곡밥,매운소고기국,유린기
쌀밥/잡곡밥,우묵냉국,고구마함박스테이크
쌀밥/잡곡밥,시금치국,유자청제육볶음
쌀밥/잡곡밥,사과오이냉국,장어강정
곤드레밥*양념장,맑은국,해물누룽지탕
쌀밥/잡곡밥,아욱국,닭볶음탕
쌀밥/잡곡밥,고추장찌개,미트볼케찹조림
쌀밥/잡곡밥,콩나물국,닭갈비
쌀밥/잡곡밥,도토리묵냉국,짬뽕불고기
짜장덮밥,맑은국,고추잡채*꽃빵
쌀밥/잡곡밥,아욱국,돼지갈비찜
쌀밥/잡곡밥,차돌된장찌개,주꾸미볶음
쌀밥/잡곡밥,된장찌개,소고기숙주볶음
쌀밥/잡곡밥,꽃게탕,언양식불고기
콩나물밥,올챙이만두국,유린기
쌀밥/잡곡밥,닭개장,쇠고기장조림
쌀밥/잡곡밥,시래기국,유자청제육볶음
쌀밥/잡곡밥,소고기미역국,닭강정
산채비빔밥,미소장국,오징어튀김
쌀밥/잡곡밥,닭곰탕,류산슬
쌀밥/잡곡밥,돈육김치찌개,미니채소떡갈비
쌀밥/잡곡밥,꽃게탕,함박스테이크
쌀밥/잡곡밥,고추장찌개,버섯불고기
카레덮밥,맑은국,치킨핑거
쌀밥/잡곡밥,배추된장국,훈제오리구이
쌀밥/잡곡밥,부대찌개,굴비구이
쌀밥/잡곡밥,들깨시락국,돈육김치볶음
쌀밥/잡곡밥,차돌박이찌개,소고기장조림
단호박영양밥,유부장국,새송이너비아니구이
쌀밥/잡곡밥,토란국,매운돼지갈비찜
쌀밥/잡곡밥,된장찌개,수제돈까스
쌀밥/잡곡밥,김치콩나물국,짬뽕불고기
쌀밥/잡곡밥,맑은순두부국,사천식탕수육
나물비빔밥,팽이장국,생선까스*칠리소스
쌀밥/잡곡밥,황태국,훈제오리고추장볶음
쌀밥/잡곡밥,꽃게된장찌개,돈육굴소스볶음
쌀밥/잡곡밥,소고기미역국,탄두리치킨
쌀밥/잡곡밥,쇠고기샤브국,주꾸미볶음
쌀밥/잡곡밥,열무된장국,대패삼겹*파채
쌀밥/잡곡밥,근대국,유자청제육볶음
쌀밥/잡곡밥,얼갈이된장국,버섯불고기
곤드레밥*양념장,맑은국,돈육강정
쌀밥/잡곡밥,콩나물김치국,해물누룽지탕
쌀밥/잡곡밥,어묵국,언양식불고기
쌀밥/잡곡밥,콩가루배추국,짬뽕불고기
쌀밥/잡곡밥,돈육김치찌개,닭갈비
쌀밥/잡곡밥,해물된장찌개,소불고기
쌀밥/잡곡밥,콩비지찌개,돈육굴소스볶음
쌀밥/잡곡밥,동태탕,마늘간장치킨
쌀밥/잡곡밥,옹심이만두국,굴비구이
쌀밥/잡곡밥,아욱국,매운돼지갈비찜
쌀밥/잡곡밥,북어해장국,제육볶음
쌀밥/잡곡밥,콩나물국,닭갈비
콩나물밥,가쯔오국,돈육강정
쌀밥/잡곡밥,알탕,해물굴소스볶음
쌀밥/잡곡밥,우거지된장국,쇠고기장조림
쌀밥/잡곡밥,고추장찌개,훈제오리단호박볶음
쌀밥/잡곡밥,얼큰순두부찌개,짬뽕불고기
카레라이스,우동국,유린기
쌀밥/잡곡밥,건새우아욱국,등갈비김치말이
나물비빔밥,팽이장국,생선까스*칠리소스
쌀밥/잡곡밥,소고기미역국,유자청제육볶음
쌀밥/잡곡밥,된장찌개,오징어볶음
마파두부덮밥,맑은국,치킨핑거
쌀밥/잡곡밥,매운콩나물국,동파삼겹수육
쌀밥/옛날돈까스,옥수수스프,딸기드레싱샐러드
쌀밥/잡곡밥,근대국,소고기낙지볶음
쌀밥/잡곡밥,고추장찌개,순살파닭
김치제육덮밥,가쯔오장국,시금치프리타타
쌀밥/잡곡밥,오징어국,미니채소떡갈비
야채볶음밥*짜장소스,미역장국,사천식탕수육
쌀밥/잡곡밥,돈육김치찌개,언양식불고기*양파채
쌀밥/잡곡밥,차돌된장찌개,주꾸미볶음
곤드레밥*양념장,맑은국,돈육강정
쌀밥/잡곡밥,콩나물국,해물누룽지탕
김치볶음밥,나가사끼짬뽕국,치킨텐더샐러드
쌀밥/잡곡밥,김치콩나물국,소고기장조림
쌀밥/잡곡밥,육개장,탕수어
콩나물밥*양념장,미소장국,닭강정
쌀밥/잡곡밥,된장찌개,류산슬
카레덮밥,맑은국,생선까스
쌀밥/잡곡밥,고추장찌개,버섯불고기
쌀밥/잡곡밥,김치두부국,누룽지탕수육
나물비빔밥,맑은국,감자치즈구이
쌀밥/잡곡밥,아욱국,닭볶음탕
오므라이스,미소장국,모듬튀김
쌀밥/잡곡밥,열무된장국,훈제오리구이
쌀밥/잡곡밥,홍합탕,마늘간장치킨
김치볶음밥/계란,팽이장국,해물까스*칠리소스
쌀밥/잡곡밥,쇠고기샤브국,닭갈비
쌀밥/잡곡밥,근대국,수제돈가스
쌀밥/잡곡밥,들깨시래기국,유자청돈육볶음
쌀밥/잡곡밥,매운소고기국,유린기
단호박영양밥,유부장국,새송이너비아니구이
쌀밥/잡곡밥,굴미역국,매운돼지갈비찜
쌀밥/잡곡밥,참치김치찌개,안동찜닭
쌀밥/잡곡밥,열무된장국,훈제오리볶음
쌀밥/잡곡밥,무채국,소고기숙주볶음
콩나물밥,미소장국,언양식불고기*양파채
쌀밥/잡곡밥,된장찌개,대패삼겹*파채
쌀밥/잡곡밥,감자양파국,매운닭찜
쌀밥/잡곡밥,아욱국,돈육김치볶음
쌀밥/잡곡밥,오징어국,치킨핑거
쌀밥/잡곡밥,된장찌개,짬뽕불고기
파인애플볶음밥,가쯔오장국,사천식탕수육
쌀밥/잡곡밥,고추장찌개,버섯불고기
쌀밥/잡곡밥,배추된장국,닭볶음탕
쌀밥/잡곡밥,떡국,제육볶음
비빔밥,미소장국,탕수어
쌀밥/잡곡밥,된장찌개,돈육김치볶음
쌀밥/잡곡밥,미역국,순살파닭
곤드레밥*양념장,맑은국,돈육강정
쌀밥/잡곡밥,육개장,가자미튀김
참치회덮밥,미소장국,또띠아피자
쌀밥/잡곡밥,근대국,훈제오리구이
쌀밥/잡곡밥,시래기국,함박스테이크*소스
단호박영양밥,연두부탕,오징어숙회무침
쌀밥/잡곡밥,해물된장찌개,묵은지닭찜
김치필라프,크림스프,토마토스파게티
쌀밥/잡곡밥,순두부찌개,닭갈비
쌀밥/잡곡밥,어묵국,등갈비김치찜
불고기비빔밥,미역장국,허니버터치킨
쌀밥/잡곡밥,아욱국,돼지갈비찜
쌀밥/잡곡밥,황태국,오리고추장볶음
콩나물밥*양념장,가쯔오장국,치킨핑거
쌀밥/잡곡밥,들깨시래기국,닭오븐구이
김치제육덮밥,계란국,오징어튀김
쌀밥/잡곡밥,미역국,쇠고기낙지볶음
쌀밥/잡곡밥,차돌박이찌개,돈육강정
단호박영양밥,유부장국,언양식불고기
쌀밥/잡곡밥,어묵탕,동파삼겹수육
쌀밥/오곡밥,두부김치국,굴비구이
쌀밥/잡곡밥,매운콩나물국,소고기숙주볶음
쌀밥/잡곡밥,냉이된장찌개,레몬탕수육
곤드레밥*강된장,팽이장국,닭데리야끼조림
쌀밥/잡곡밥,동태찌개,돈육간장볶음
김밥볶음밥,미니짬뽕,크림새우
쌀밥/잡곡밥,쇠고기샤브국,유자청제육볶음
쌀밥/잡곡밥,차돌된장찌개,주꾸미볶음
나물비빔밥,미소장국,사과고구마그라탕
쌀밥/잡곡밥,근대국,간장마늘치킨
쌀밥/잡곡밥,들깨미역국,짬뽕불고기
쌀밥/잡곡밥,된장찌개,돈육김치볶음
쌀밥/잡곡밥,부대찌개,훈제오리구이
낙지비빔밥,팽이장국,치킨텐더*콘소스D
쌀밥/잡곡밥,북어국,닭갈비
쌀밥/잡곡밥,아욱국,소고기장조림
쌀밥/잡곡밥,두부김치국,소고기버섯볶음
쌀밥/잡곡밥,쇠고기무국,오징어볶음*소면
콩나물밥*달래장,고추장찌개,갈치구이
쌀밥/잡곡밥,미역국,수원왕갈비통닭
곤드레밥,건새우아욱국,돈육간장볶음
쌀밥/잡곡밥,콩나물국,소불고기
쌀밥/잡곡밥,대파육개장*칼국수,가자미엿장조림
카레라이스,미소시루,감자만두*양념
쌀밥/잡곡밥,순두부찌개,해물돼지갈비찜
쌀밥/잡곡밥,설렁탕,동태포전
쌀밥/잡곡밥,어묵국,돈육굴소스볶음
쌀밥/잡곡밥,대구탕,차돌박이숙주볶음
마파두부덮밥,조갯살무국,레몬유린기
쌀밥/잡곡밥,콩비지찌개,짜장닭볶음
쌀밥/잡곡밥,갈비탕,칠리새우
쌀밥/잡곡밥,시래기국,오리양념불고기*쌈무
쌀밥/잡곡밥,소고기미역국,해물누룽지탕
쌀밥/잡곡밥,유부주머니국,목살스테이크
쌀밥/잡곡밥,배추된장국,제육볶음
봄나물비빔밥,맑은국,치킨너겟
쌀밥/잡곡밥,우렁된장찌개,주꾸미볶음
쌀밥/잡곡밥,고추장찌개,안동찜닭
쌀밥/잡곡밥,들깨시래기국,삼겹살수육&풋고추
쌀밥/잡곡밥,경상도식소고기국,등갈비김치찜
쌀밥/잡곡밥,순대국밥,고추튀김
쌀밥/잡곡밥,미역국,오리불고기
쌀밥/잡곡밥,꽃게된장국,후르츠탕수육
낙지비빔밥,계란국,닭강정
쌀밥/잡곡밥,두부김치국,소고기브로컬리볶음
고기듬뿍카레라이스,미니우동,고구마고로케
쌀밥/잡곡밥,아욱국,치즈닭갈비
쌀밥/잡곡밥,홍초콩나물국,LA갈비구이
쌀밥/잡곡밥,전복장각삼계탕,육전
쌀밥/잡곡밥,소고기당면국,바질페스토스파게티
쌀밥/잡곡밥,황태국,우엉불고기
쌀밥/잡곡밥,멸치국수,오향장육
쌀밥/잡곡밥,나주곰탕,춘천닭갈비
쌀밥/잡곡밥,새우완자탕,고구마치즈돈까스
쌀밥/잡곡밥,대구지리탕,카레닭볶음
쌀밥/잡곡밥,육개장,수원왕갈비
건강비빔밥*약고추장,제첩두부국,깻잎전
새우날치알볶음밥,쌀국수(숙주들어감),장어구이*소스
쌀밥/잡곡밥,버섯들깨국,삼겹살더덕고추장구이
쌀밥/잡곡밥,왕갈비탕,해물전
쌀밥/잡곡밥,냉메밀소바,히레카츠*소스
쌀밥/잡곡밥,아욱수제비국,해물섞어찜
쌀밥/잡곡밥,돈육김치찌개,냉족발야채무침
쌀밥/잡곡밥,열무물국수,소갈비찜
쌀밥/잡곡밥,닭개장,떡갈비
소고기콩나물밥*양념,들깨미역국,바싹불고기*양파초절임
쌀밥/잡곡밥,유부주머니된장국,생선까스*타르
쌀밥/잡곡밥,연두부탕,제육볶음
쌀밥/잡곡밥,들깨수제비,닭볶음탕
닭살카레라이스,미역미소시루,후르츠탕수육
쌀밥/잡곡밥,차돌된장찌개,주꾸미볶음
소불고기덮밥,맑은국,야채비빔만두
쌀밥/잡곡밥,매콤콩나물국,짬뽕불고기
쌀밥/잡곡밥,시래기국,고추잡채*꽃빵
곤드레밥*양념장,무채국,꽁치한마리구이
쌀밥/잡곡밥,콩비지찌개,오징어볶음
마파두부덮밥,유부장국,레몬유린기
쌀밥/잡곡밥,소고기미역국,닭갈비
쌀밥/잡곡밥,된장찌개,돈육고추장볶음
열무보리비빔밥/강된장,가쯔오장국,깐풍육
쌀밥/잡곡밥,육개장,소고기장조림
베이컨김치볶음밥,냉모밀국수,해물부추전
쌀밥/잡곡밥,대구탕,오삼불고기
쌀밥/잡곡밥,시금치된장국,닭볶음탕
나물비빔밥,오이사과냉국,치킨핑거
쌀밥/잡곡밥,매운소고기국,굴비구이
돈육버섯고추장덮밥,팽이무국,양파링카레튀김
쌀밥/잡곡밥,냉모밀국수,매운돈갈비찜
쌀밥/잡곡밥,대파육개장,홍어미나리초무침
카레라이스,동태알탕,부추고추전*간장
쌀밥/잡곡밥,매운소고기무국,춘천닭갈비
쌀밥/잡곡밥,물만두국,오리불고기
쌀밥/잡곡밥,한방설렁탕,오징어초무침
쌀밥/잡곡밥,시금치된장국,닭볶음탕
쌀밥/잡곡밥,맑은콩나물국,돈육고추장볶음
마파두부덮밥,미역미소시루,레몬유린기
쌀밥/잡곡밥,건새우무채국,쭈꾸미삼겹고추장볶음
비빔밥*약고추장,콩가루배춧국,열기어구이
쌀밥/잡곡밥,장각삼계탕,해물잡채
쌀밥/잡곡밥,김치우동,수제돈가스*소스
쌀밥/흑미밥/찰현미밥,호박맑은국,돈육김치볶음
쌀밥/치자밥/찰현미밥,닭개장,양장피
쌀밥/흑미밥/찰현미밥,아욱국,오리불고기
쌀밥/병아리콩밥/찰현미밥,소고기미역국,깻잎통닭*치킨소스
쌀밥/흑미밥/찰현미밥,해물수제비국,만가닥버섯불고기
쌀밥/흑미밥/찰현미밥,황태미역국,안동찜닭
쌀밥/기장밥/찰현미밥,호박된장찌개,목살스테이크
쌀밥/흑미밥/찰현미밥,우거지국,삼겹살수육
낙지비빔밥*계란후라이,팽이장국,후라이드*강정소스
쌀밥/흑미밥/찰현미밥,짜글이돼지찌개,새우까스*소스
쌀밥/흑미밥/찰현미밥,김치두부국,오리대패불고기
쌀밥/수수밥/찰현미밥,냉이된장국,돈갈비찜
쌀밥/흑미밥/찰현미밥,맑은콩나물국,장어강정
쌀밥/검정콩밥/찰현미밥,건새우아욱국,쭈삼불고기
쌀밥/흑미밥/찰현미밥,얼갈이된장국,닭다리바베큐오븐구이
쌀밥/흑미밥/찰현미밥,뼈없는감자탕,생선까스&소스
쌀밥/렌틸콩밥/찰현미밥,떡국,매운쇠고기버섯볶음
쌀밥/흑미밥/찰현미밥,북어채국,오징어볶음&소면사리
쌀밥/차조밥/찰현미밥,유부장국,바베큐폭립
쌀밥/흑미밥/찰현미밥,동태탕,살살치킨&칠리소스
쌀밥/보리밥/찰현미밥,부대찌개,치즈닭갈비
쌀밥/흑미밥/찰현미밥,맑은버섯육개장,매콤해물볶음
쌀밥/흑미밥/찰현미밥,순남시래기국,오리불고기
쌀밥/흑미밥/찰현미밥,어묵국,오향장육
쌀밥/흑미밥/찰현미밥,바지락미역국,콩나물두루치기
쌀밥/수수밥/찰현미밥,시금치된장국,카레닭찜
쌀밥/흑미밥/찰현미밥,나주곰탕,적어구이&양념장
쌀밥/검정콩밥/찰현미밥,다슬기아욱국,돈사태김치찜
쌀밥/흑미밥/찰현미밥,순두부찌개,소불고기
쌀밥/흑미밥/찰현미밥,황태콩나물해장국,시금치프리타타
쌀밥/기장밥/찰현미밥,우거지국,매콤돼지갈비찜
쌀밥/흑미밥/찰현미밥,냉족발야채무침,부추샐러드*오리엔탈
쌀밥/찰보리밥/찰현미밥,매운계란파국,마파두부
쌀밥/흑미밥/찰현미밥,옹심이만두국,대패삽겹숙주볶음
쌀밥/흑미밥/찰현미밥,아욱된장국,생선까스*소스
계란채소볶음밥,짬뽕국,짜장소스
쌀밥/흑미밥/찰현미밥,홍합살미역국,수육*새우젓*쌈장
쌀밥/수수밥/찰현미밥,돈육김치찌개,수완왕갈비맛통닭
쌀밥/흑미밥/찰현미밥,잔치국수,순대채소볶음
쌀밥/흑미밥/찰현미밥,배추국,오리고추장불고기
쌀밥/귀리밥/찰현미밥,순두부찌개,류산슬
쌀밥/흑미밥/찰현미밥,유부장국,목살찹스테이크
쌀밥/흑미밥/찰현미밥,감자수제비국,쇠고기낙지볶음
쌀밥/병아리콩/찰현미밥,버섯국,비엔나떡조림
쌀밥/흑미밥/찰현미밥,옹심이만둣국,춘천닭갈비
쌀밥/수수밥/찰현미밥,매운콩나물국,돈갈비찜
쌀밥/흑미밥/찰현미밥,갈비탕,오향장육
쌀밥/찰보리밥/찰현미밥,북엇국,콩나물파채불고기
쌀밥/흑미밥/찰현미밥,동태탕,닭다리살스테이크
쌀밥/흑미밥/찰현미밥,떡만두국,오리대패불고기
쌀밥/흑미밥/찰현미밥,건새우미역국,매운소불고기
단호박카레라이스,통계란꼬치어묵탕,두부강정
쌀밥/흑미밥/찰현미밥,꽃게탕,바베큐장각오븐구이
쌀밥/렌틸콩밥/찰현미밥,우거지된장국,닭살겨자냉채
쌀밥/흑미밥/찰현미밥,김칫국,훈제오리볶음
쌀밥/수수밥/찰현미밥,순남시래기국,장어고추장양념구이
쌀밥/흑미밥/찰현미밥,두부된장찌개,츄러스채소맛탕
쌀밥/흑미밥/찰현미밥,홍합살무국,돈갈비양념구이
쌀밥/흑미밥/찰현미밥,매운쇠고기국,갈릭순살치킨
쌀밥/흑미밥/찰현미밥,얼갈이된장국,쭈꾸미삼겹살볶음
쌀밥/찰보리밥/찰현미밥,유부김칫국,치킨까스&소스
쌀밥/흑미밥/찰현미밥,미역미소시루국,차돌비빔국수
쌀밥/,곤드레밥/찰현미밥,된장찌개
쌀밥/흑미밥/찰현미밥,북엇국,춘천닭갈비
쌀밥/흑미밥/찰현미밥,맑은콩나물국,묵은지닭볶음탕
쌀밥/기장밥/찰현미밥,쇠고기미역국,오삼불고기
쌀밥/흑미밥/찰현미밥,삼계탕,고기완자전
쌀밥/차조밥/찰현미밥,깐풍기,감자채볶음
쌀밥/흑미밥/찰현미밥,건새우아욱국,쇠고기숙주볶음
쌀밥/흑미밥/찰현미밥,돼지김치찌개,당면채소무침
쌀밥/수수밥/찰현미밥,동태매운탕,대패삼겹살볶음
전주비빔밥,바지락냉이국,찰떡떡갈비조림
쌀밥/완두콩밥/찰현미밥,홍합국,쇠고기낙지볶음
쌀밥/흑미밥/찰현미밥,근대된장국,수제탕수육
쌀밥/흑미밥/찰현미밥,아욱된장국,매운족발볶음
쌀밥/귀리밥/찰현미밥,미역국,동파육
쌀밥/흑미밥/찰현미밥,한방설렁탕,골뱅이채소무침
쌀밥/수수밥/찰현미밥,북엇국,해물돼지갈비찜
쌀밥/흑미밥/찰현미밥,시금치된장국,안동찜닭
쌀밥/흑미밥/찰현미밥,호박된장찌개,오리주물럭
쌀밥/찰보리밥/찰현미밥,미소장국,알리오올리오파스타
쌀밥/흑미밥/찰현미밥,순두부찌개,New)요거닭
쌀밥/검정콩밥/찰현미밥,얼갈이된장국,쇠고기당면볶음
쌀밥/흑미밥/찰현미밥,황태채국,제육고추장불고기
쌀밥/흑미밥/찰현미밥,어묵매운탕,등심돈까스
쌀밥/차조밥/찰현미밥,불낙찌개,코다리강정
쌀밥/흑미밥/찰현미밥,콩비지김치찌개,해물누룽지탕
쌀밥/강낭콩밥/찰현미밥,조갯살아욱국,돼지간장불고기
쌀밥/흑미밥/찰현미밥,팽이된장국,오징어볶음
쌀밥/흑미밥/찰현미밥,굴미역국,닭간장조림
쌀밥/찰보리밥/찰현미밥,김치두부국,LA갈비구이
쌀밥/잡곡밥,팽이장국,메밀전병
쌀밥/팥밥/찰현미밥,된장찌개,오향장육
쌀밥/흑미밥/찰현미밥,육개장,갈치감자조림
쌀밥/흑미밥/찰현미밥,유부주머니국,삼겹살김치볶음
쌀밥/기장밥/찰현미밥,우거지국,훈제오리마늘볶음
쌀밥/흑미밥/찰현미밥,호박고추장찌개,만가닥버섯불고기
쌀밥/수수밥/찰현미밥,북엇국,제육고추장불고기
쌀밥/흑미밥/찰현미밥,근대국,닭다리살스테이크
쌀밥/흑미밥/찰현미밥,쫄면채소무침,풋고추양파쌈장무침
쌀밥/차조밥/찰현미밥,굴떡국,콩나물파채불고기
쌀밥/흑미밥/찰현미밥,해물완자전,가자미무조림
쌀밥/흑미밥/찰현미밥,문어꽈리고추조림,세발나물무침
쌀밥/흑미밥/찰현미밥,동태알탕,수제돈까스&소스
쌀밥/흑미밥/찰현미밥,바지락살무국,오삼불고기
쌀밥/차조밥/찰현미밥,매운쇠고기샤브샤브,하와이언함박스테이크
쌀밥/흑미밥/찰현미밥,건새우아욱국,마파무조림
쌀밥/잡곡밥,호박된장국,오리대패불고기
쌀밥/흑미밥/찰현미밥,소고기떡국,봉추찜닭
쌀밥/보리밥/찰현미밥,유부된장국,돈육도라지고추장볶음
쌀밥/흑미밥/찰현미밥,오리들깨탕,꽁치한마리레몬구이
쌀밥/수수밥/찰현미밥,아욱된장국,목살스테이크
쌀밥/흑미밥/찰현미밥,콩나물맑은국,매운소고기낙지볶음
쌀밥/흑미밥/찰현미밥,미역국,오리대패불고기
쌀밥/검정콩밥/찰현미밥,된장찌개,콩나물볶음
쌀밥/흑미밥/찰현미밥,시금치된장국,돈육두루치기
쌀밥/차조밥/찰현미밥,콩나물김칫국,소갈비찜
쌀밥/흑미밥/찰현미밥,뼈없는감자탕,고등어구이*와사비장
쌀밥/흑미밥/찰현미밥,어묵국,춘천닭갈비
쌀밥/기장밥/찰현미밥,맑은콩나물국,삼겹살김치찜
쌀밥/흑미밥/찰현미밥,아욱국,수제함박스테이크
쌀밥/수수밥/찰현미밥,냉이된장국,동파육
전주비빔밥*약고추장,계란파국,요거닭
쌀밥/흑미밥/찰현미밥,전주식콩나물해장국,돈육간장불고기
쌀밥/귀리밥/찰현미밥,들깨미역국,교촌간장치킨
